RowID,ExtraTime
40304,Yes
40305,No
40306,No
40307,No
40308,No
40309,No
40310,No
40311,No
40312,No
40313,Yes
40314,No
40315,No
40316,Yes
40317,Yes
40318,No
40319,Yes
40320,No
40321,Yes
40322,Yes
40323,Yes
40324,Yes
40325,No
40326,No
40327,Yes
40328,Yes
40329,Yes
40330,No
40331,No
40332,No
40333,Yes
40334,No
40335,No
40336,No
40337,Yes
40338,Yes
40339,Yes
40340,Yes
40341,Yes
40342,No
40343,No
40344,No
40345,No
40346,No
40347,No
40348,Yes
40349,Yes
40350,No
40351,Yes
40352,Yes
40353,No
40354,Yes
40355,No
40356,No
40357,Yes
40358,No
40359,No
40360,No
40361,Yes
40362,Yes
40363,Yes
40364,No
40365,Yes
40366,No
40367,Yes
40368,No
40369,No
40370,Yes
40371,No
40372,Yes
40373,Yes
40374,Yes
40375,Yes
40376,Yes
40377,No
40378,No
40379,No
40380,Yes
40381,Yes
40382,No
40383,No
40384,Yes
40385,Yes
40386,No
40387,Yes
40388,No
40389,No
40390,No
40391,Yes
40392,Yes
40393,Yes
40394,Yes
40395,No
40396,Yes
40397,Yes
40398,Yes
40399,No
40400,Yes
40401,No
40402,Yes
40403,No
40404,Yes
40405,No
40406,No
40407,No
40408,No
40409,No
40410,Yes
40411,No
40412,Yes
40413,No
40414,Yes
40415,No
40416,Yes
40417,No
40418,Yes
40419,No
40420,No
40421,No
40422,No
40423,Yes
40424,No
40425,No
40426,Yes
40427,No
40428,No
40429,No
40430,Yes
40431,Yes
40432,No
40433,Yes
40434,No
40435,No
40436,No
40437,Yes
40438,Yes
40439,No
40440,Yes
40441,Yes
40442,Yes
40443,No
40444,No
40445,Yes
40446,Yes
40447,Yes
40448,Yes
40449,No
40450,Yes
40451,No
40452,No
40453,Yes
40454,No
40455,No
40456,No
40457,Yes
40458,No
40459,No
40460,Yes
40461,Yes
40462,No
40463,Yes
40464,No
40465,Yes
40466,No
40467,Yes
40468,No
40469,Yes
40470,Yes
40471,Yes
40472,Yes
40473,No
40474,Yes
40475,Yes
40476,No
40477,No
40478,No
40479,Yes
40480,Yes
40481,Yes
40482,No
40483,Yes
40484,Yes
40485,Yes
40486,Yes
40487,No
40488,Yes
40489,Yes
40490,No
40491,No
40492,Yes
40493,No
40494,No
40495,Yes
40496,No
40497,No
40498,Yes
40499,Yes
40500,No
40501,No
40502,Yes
40503,No
40504,No
40505,No
40506,Yes
40507,Yes
40508,Yes
40509,Yes
40510,Yes
40511,No
40512,No
40513,No
40514,Yes
40515,No
40516,No
40517,No
40518,Yes
40519,No
40520,Yes
40521,Yes
40522,Yes
40523,No
40524,Yes
40525,No
40526,Yes
40527,No
40528,Yes
40529,Yes
40530,No
40531,No
40532,No
40533,No
40534,No
40535,No
40536,No
40537,Yes
40538,Yes
40539,No
40540,No
40541,No
40542,No
40543,Yes
40544,Yes
40545,Yes
40546,No
40547,Yes
40548,No
40549,No
40550,Yes
40551,Yes
40552,No
40553,Yes
40554,No
40555,No
40556,Yes
40557,Yes
40558,Yes
40559,Yes
40560,Yes
40561,No
40562,Yes
40563,Yes
40564,No
40565,No
40566,Yes
40567,No
40568,Yes
40569,No
40570,No
40571,Yes
40572,Yes
40573,No
40574,No
40575,No
40576,No
40577,No
40578,Yes
40579,Yes
40580,Yes
40581,No
40582,No
40583,Yes
40584,Yes
40585,No
40586,No
40587,Yes
40588,No
40589,No
40590,Yes
40591,No
40592,Yes
40593,No
40594,Yes
40595,Yes
40596,Yes
40597,Yes
40598,Yes
40599,Yes
40600,Yes
40601,Yes
40602,No
40603,No
40604,No
40605,Yes
40606,No
40607,No
40608,Yes
40609,No
40610,No
40611,Yes
40612,Yes
40613,Yes
40614,Yes
40615,Yes
40616,No
40617,No
40618,No
40619,No
40620,No
40621,Yes
40622,Yes
40623,Yes
40624,Yes
40625,Yes
40626,No
40627,No
40628,Yes
40629,Yes
40630,No
40631,Yes
40632,Yes
40633,Yes
40634,Yes
40635,Yes
40636,Yes
40637,Yes
40638,No
40639,No
40640,No
40641,Yes
40642,No
40643,No
40644,Yes
40645,No
40646,No
40647,No
40648,Yes
40649,No
40650,Yes
40651,Yes
40652,No
40653,Yes
40654,No
40655,No
40656,No
40657,No
40658,No
40659,Yes
40660,No
40661,No
40662,Yes
40663,No
40664,No
40665,Yes
40666,Yes
40667,Yes
40668,No
40669,Yes
40670,No
40671,No
40672,Yes
40673,Yes
40674,Yes
40675,No
40676,Yes
40677,No
40678,Yes
40679,Yes
40680,Yes
40681,No
40682,Yes
40683,No
40684,Yes
40685,No
40686,Yes
40687,No
40688,No
40689,Yes
40690,No
40691,Yes
40692,No
40693,No
40694,Yes
40695,No
40696,No
40697,No
40698,No
40699,No
40700,No
40701,No
40702,Yes
40703,Yes
40704,No
40705,Yes
40706,No
40707,No
40708,No
40709,Yes
40710,Yes
40711,No
40712,Yes
40713,No
40714,Yes
40715,Yes
40716,No
40717,No
40718,No
40719,Yes
40720,No
40721,Yes
40722,No
40723,Yes
40724,No
40725,Yes
40726,Yes
40727,Yes
40728,Yes
40729,No
40730,No
40731,No
40732,No
40733,No
40734,Yes
40735,No
40736,Yes
40737,No
40738,Yes
40739,No
40740,Yes
40741,Yes
40742,Yes
40743,No
40744,Yes
40745,Yes
40746,No
40747,No
40748,No
40749,Yes
40750,No
40751,No
40752,Yes
40753,No
40754,Yes
40755,No
40756,No
40757,No
40758,No
40759,Yes
40760,No
40761,No
40762,No
40763,No
40764,No
40765,No
40766,No
40767,No
40768,No
40769,No
40770,No
40771,No
40772,No
40773,No
40774,Yes
40775,No
40776,No
40777,No
40778,No
40779,No
40780,Yes
40781,No
40782,No
40783,No
40784,No
40785,No
40786,No
40787,Yes
40788,No
40789,No
40790,No
40791,Yes
40792,Yes
40793,No
40794,No
40795,No
40796,Yes
40797,No
40798,No
40799,No
40800,No
40801,Yes
40802,No
40803,Yes
40804,Yes
40805,No
40806,Yes
40807,Yes
40808,Yes
40809,No
40810,Yes
40811,No
40812,Yes
40813,Yes
40814,No
40815,Yes
40816,No
40817,Yes
40818,Yes
40819,No
40820,No
40821,Yes
40822,Yes
40823,Yes
40824,Yes
40825,No
40826,No
40827,No
40828,No
40829,No
40830,Yes
40831,Yes
40832,Yes
40833,No
40834,Yes
40835,Yes
40836,Yes
40837,Yes
40838,No
40839,No
40840,Yes
40841,No
40842,No
40843,Yes
40844,Yes
40845,No
40846,Yes
40847,No
40848,Yes
40849,No
40850,Yes
40851,No
40852,No
40853,No
40854,No
40855,No
40856,No
40857,Yes
40858,No
40859,Yes
40860,No
40861,Yes
40862,Yes
40863,No
40864,Yes
40865,No
40866,No
40867,No
40868,Yes
40869,Yes
40870,Yes
40871,No
40872,No
40873,No
40874,No
40875,Yes
40876,No
40877,No
40878,Yes
40879,Yes
40880,Yes
40881,Yes
40882,No
40883,No
40884,Yes
40885,No
40886,Yes
40887,Yes
40888,Yes
40889,Yes
40890,No
40891,No
40892,Yes
40893,No
40894,Yes
40895,No
40896,Yes
40897,No
40898,No
40899,No
40900,No
40901,No
40902,No
40903,No
40904,No
40905,No
40906,No
40907,Yes
40908,No
40909,No
40910,Yes
40911,No
40912,Yes
40913,No
40914,No
40915,Yes
40916,No
40917,No
40918,No
40919,No
40920,No
40921,Yes
40922,No
40923,Yes
40924,No
40925,No
40926,Yes
40927,Yes
40928,No
40929,Yes
40930,Yes
40931,No
40932,Yes
40933,No
40934,No
40935,No
40936,No
40937,Yes
40938,Yes
40939,Yes
40940,Yes
40941,Yes
40942,Yes
40943,Yes
40944,No
40945,No
40946,No
40947,No
40948,Yes
40949,Yes
40950,Yes
40951,Yes
40952,No
40953,Yes
40954,Yes
40955,No
40956,Yes
40957,Yes
40958,No
40959,No
40960,No
40961,No
40962,Yes
40963,No
40964,No
40965,Yes
40966,No
40967,No
40968,No
40969,Yes
40970,No
40971,No
40972,Yes
40973,No
40974,Yes
40975,No
40976,No
40977,No
40978,Yes
40979,Yes
40980,Yes
40981,No
40982,No
40983,Yes
40984,Yes
40985,No
40986,Yes
40987,Yes
40988,Yes
40989,Yes
40990,No
40991,No
40992,Yes
40993,No
40994,No
40995,Yes
40996,Yes
40997,Yes
40998,No
40999,No
41000,No
41001,Yes
41002,Yes
41003,Yes
41004,No
41005,No
41006,Yes
41007,Yes
41008,Yes
41009,Yes
41010,Yes
41011,Yes
41012,No
41013,Yes
41014,Yes
41015,Yes
41016,No
41017,Yes
41018,No
41019,No
41020,Yes
41021,Yes
41022,Yes
41023,Yes
41024,Yes
41025,Yes
41026,No
41027,No
41028,No
41029,Yes
41030,Yes
41031,No
41032,Yes
41033,No
41034,Yes
41035,No
41036,No
41037,Yes
41038,Yes
41039,No
41040,No
41041,No
41042,No
41043,No
41044,Yes
41045,No
41046,Yes
41047,No
41048,Yes
41049,No
41050,No
41051,No
41052,No
41053,Yes
41054,Yes
41055,Yes
41056,No
41057,No
41058,No
41059,No
41060,No
41061,No
41062,No
41063,No
41064,Yes
41065,No
41066,No
41067,No
41068,No
41069,No
41070,No
41071,No
41072,Yes
41073,No
41074,Yes
41075,Yes
41076,No
41077,No
41078,No
41079,No
41080,No
41081,No
41082,Yes
41083,Yes
41084,Yes
41085,No
41086,No
41087,No
41088,Yes
41089,Yes
41090,No
41091,No
41092,Yes
41093,Yes
41094,Yes
41095,Yes
41096,Yes
41097,No
41098,No
41099,No
41100,No
41101,No
41102,Yes
41103,No
41104,Yes
41105,No
41106,Yes
41107,No
41108,No
41109,No
41110,No
41111,Yes
41112,Yes
41113,No
41114,Yes
41115,Yes
41116,Yes
41117,Yes
41118,No
41119,No
41120,No
41121,No
41122,No
41123,No
41124,No
41125,No
41126,Yes
41127,No
41128,No
41129,Yes
41130,Yes
41131,Yes
41132,No
41133,Yes
41134,Yes
41135,No
41136,Yes
41137,Yes
41138,No
41139,Yes
41140,Yes
41141,No
41142,No
41143,No
41144,Yes
41145,No
41146,Yes
41147,No
41148,Yes
41149,No
41150,Yes
41151,No
41152,No
41153,No
41154,Yes
41155,Yes
41156,No
41157,Yes
41158,No
41159,Yes
41160,No
41161,Yes
41162,Yes
41163,No
41164,Yes
41165,No
41166,No
41167,Yes
41168,Yes
41169,No
41170,Yes
41171,No
41172,No
41173,Yes
41174,No
41175,Yes
41176,Yes
41177,Yes
41178,Yes
41179,No
41180,No
41181,No
41182,Yes
41183,Yes
41184,No
41185,No
41186,No
41187,Yes
41188,No
41189,Yes
41190,Yes
41191,Yes
41192,No
41193,No
41194,Yes
41195,No
41196,Yes
41197,No
41198,No
41199,Yes
41200,Yes
41201,Yes
41202,No
41203,No
41204,No
41205,Yes
41206,No
41207,No
41208,Yes
41209,No
41210,Yes
41211,No
41212,Yes
41213,No
41214,No
41215,Yes
41216,Yes
41217,No
41218,Yes
41219,Yes
41220,No
41221,No
41222,Yes
41223,No
41224,No
41225,Yes
41226,Yes
41227,No
41228,No
41229,Yes
41230,Yes
41231,No
41232,No
41233,No
41234,Yes
41235,Yes
41236,No
41237,No
41238,No
41239,Yes
41240,Yes
41241,No
41242,No
41243,No
41244,No
41245,Yes
41246,Yes
41247,Yes
41248,No
41249,No
41250,No
41251,No
41252,Yes
41253,No
41254,No
41255,Yes
41256,No
41257,Yes
41258,No
41259,No
41260,No
41261,No
41262,Yes
41263,Yes
41264,No
41265,No
41266,Yes
41267,Yes
41268,Yes
41269,No
41270,Yes
41271,No
41272,No
41273,Yes
41274,Yes
41275,No
41276,Yes
41277,No
41278,Yes
41279,No
41280,No
41281,No
41282,No
41283,No
41284,No
41285,No
41286,No
41287,Yes
41288,Yes
41289,No
41290,Yes
41291,Yes
41292,Yes
41293,No
41294,No
41295,No
41296,Yes
41297,Yes
41298,No
41299,Yes
41300,No
41301,Yes
41302,No
41303,Yes
41304,No
41305,Yes
41306,Yes
41307,No
41308,Yes
41309,Yes
41310,Yes
41311,No
41312,No
41313,No
41314,Yes
41315,Yes
41316,Yes
41317,No
41318,No
41319,No
41320,No
41321,No
41322,Yes
41323,No
41324,No
41325,Yes
41326,Yes
41327,No
41328,No
41329,No
41330,Yes
41331,Yes
41332,Yes
41333,No
41334,Yes
41335,Yes
41336,No
41337,No
41338,Yes
41339,Yes
41340,No
41341,Yes
41342,No
41343,No
41344,No
41345,No
41346,Yes
41347,No
41348,Yes
41349,Yes
41350,No
41351,No
41352,Yes
41353,Yes
41354,Yes
41355,No
41356,No
41357,No
41358,Yes
41359,No
41360,No
41361,Yes
41362,Yes
41363,No
41364,No
41365,No
41366,Yes
41367,No
41368,No
41369,Yes
41370,No
41371,No
41372,No
41373,No
41374,No
41375,Yes
41376,No
41377,No
41378,No
41379,Yes
41380,Yes
41381,No
41382,No
41383,No
41384,Yes
41385,Yes
41386,No
41387,Yes
41388,No
41389,Yes
41390,Yes
41391,No
41392,Yes
41393,No
41394,No
41395,No
41396,Yes
41397,Yes
41398,Yes
41399,Yes
41400,No
41401,Yes
41402,Yes
41403,No
41404,Yes
41405,Yes
41406,Yes
41407,No
41408,Yes
41409,Yes
41410,Yes
41411,Yes
41412,No
41413,No
41414,No
41415,No
41416,No
41417,No
41418,Yes
41419,Yes
41420,Yes
41421,Yes
41422,Yes
41423,Yes
41424,No
41425,Yes
41426,Yes
41427,No
41428,No
41429,Yes
41430,Yes
41431,Yes
41432,Yes
41433,Yes
41434,Yes
41435,Yes
41436,Yes
41437,Yes
41438,No
41439,Yes
41440,No
41441,No
41442,No
41443,No
41444,Yes
41445,No
41446,Yes
41447,Yes
41448,No
41449,No
41450,Yes
41451,No
41452,No
41453,No
41454,No
41455,No
41456,Yes
41457,No
41458,No
41459,No
41460,Yes
41461,Yes
41462,No
41463,Yes
41464,No
41465,Yes
41466,Yes
41467,Yes
41468,No
41469,Yes
41470,Yes
41471,Yes
41472,Yes
41473,Yes
41474,Yes
41475,Yes
41476,Yes
41477,No
41478,Yes
41479,No
41480,No
41481,Yes
41482,No
41483,Yes
41484,No
41485,Yes
41486,Yes
41487,No
41488,No
41489,No
41490,Yes
41491,No
41492,No
41493,Yes
41494,No
41495,Yes
41496,Yes
41497,Yes
41498,Yes
41499,No
41500,Yes
41501,No
41502,No
41503,Yes
41504,Yes
41505,No
41506,No
41507,Yes
41508,Yes
41509,No
41510,No
41511,No
41512,Yes
41513,No
41514,No
41515,Yes
41516,No
41517,No
41518,No
41519,No
41520,No
41521,Yes
41522,No
41523,Yes
41524,Yes
41525,No
41526,Yes
41527,Yes
41528,No
41529,Yes
41530,No
41531,Yes
41532,No
41533,Yes
41534,Yes
41535,Yes
41536,No
41537,No
41538,Yes
41539,Yes
41540,Yes
41541,No
41542,No
41543,No
41544,Yes
41545,No
41546,Yes
41547,Yes
41548,Yes
41549,No
41550,No
41551,Yes
41552,No
41553,No
41554,Yes
41555,Yes
41556,No
41557,No
41558,Yes
41559,No
41560,Yes
41561,No
41562,Yes
41563,Yes
41564,No
41565,No
41566,No
41567,No
41568,Yes
41569,No
41570,No
41571,No
41572,No
41573,Yes
41574,Yes
41575,No
41576,No
41577,No
41578,Yes
41579,No
41580,Yes
41581,Yes
41582,No
41583,Yes
41584,Yes
41585,No
41586,Yes
41587,No
41588,Yes
41589,No
41590,Yes
41591,Yes
41592,No
41593,Yes
41594,No
41595,Yes
41596,Yes
41597,Yes
41598,Yes
41599,No
41600,Yes
41601,Yes
41602,Yes
41603,No
41604,No
41605,No
41606,Yes
41607,Yes
41608,No
41609,No
41610,No
41611,Yes
41612,No
41613,Yes
41614,No
41615,No
41616,Yes
41617,No
41618,No
41619,Yes
41620,Yes
41621,No
41622,Yes
41623,Yes
41624,Yes
41625,Yes
41626,No
41627,Yes
41628,Yes
41629,Yes
41630,Yes
41631,Yes
41632,Yes
41633,Yes
41634,Yes
41635,No
41636,No
41637,No
41638,Yes
41639,Yes
41640,Yes
41641,Yes
41642,No
41643,No
41644,No
41645,No
41646,No
41647,Yes
41648,Yes
41649,No
41650,No
41651,Yes
41652,Yes
41653,Yes
41654,Yes
41655,Yes
41656,No
41657,Yes
41658,No
41659,No
41660,Yes
41661,No
41662,Yes
41663,No
41664,Yes
41665,Yes
41666,No
41667,Yes
41668,No
41669,Yes
41670,No
41671,Yes
41672,No
41673,No
41674,No
41675,No
41676,No
41677,No
41678,No
41679,No
41680,Yes
41681,No
41682,Yes
41683,Yes
41684,No
41685,No
41686,No
41687,No
41688,No
41689,Yes
41690,No
41691,Yes
41692,No
41693,Yes
41694,No
41695,Yes
41696,Yes
41697,Yes
41698,No
41699,No
41700,No
41701,Yes
41702,No
41703,No
41704,No
41705,Yes
41706,No
41707,No
41708,No
41709,No
41710,No
41711,No
41712,No
41713,No
41714,No
41715,Yes
41716,No
41717,No
41718,No
41719,No
41720,Yes
41721,No
41722,Yes
41723,No
41724,No
41725,Yes
41726,No
41727,No
41728,No
41729,No
41730,No
41731,Yes
41732,Yes
41733,Yes
41734,Yes
41735,Yes
41736,Yes
41737,No
41738,No
41739,Yes
41740,Yes
41741,Yes
41742,Yes
41743,No
41744,Yes
41745,No
41746,No
41747,No
41748,No
41749,Yes
41750,No
41751,No
41752,Yes
41753,Yes
41754,Yes
41755,Yes
41756,No
41757,Yes
41758,Yes
41759,Yes
41760,Yes
41761,No
41762,No
41763,Yes
41764,No
41765,Yes
41766,Yes
41767,No
41768,No
41769,No
41770,No
41771,Yes
41772,No
41773,No
41774,No
41775,Yes
41776,Yes
41777,Yes
41778,No
41779,No
41780,No
41781,Yes
41782,Yes
41783,No
41784,Yes
41785,No
41786,No
41787,Yes
41788,No
41789,No
41790,Yes
41791,Yes
41792,No
41793,Yes
41794,No
41795,No
41796,No
41797,No
41798,No
41799,No
41800,No
41801,No
41802,Yes
41803,No
41804,Yes
41805,No
41806,Yes
41807,No
41808,Yes
41809,No
41810,Yes
41811,No
41812,No
41813,No
41814,Yes
41815,No
41816,No
41817,Yes
41818,No
41819,No
41820,Yes
41821,No
41822,No
41823,No
41824,No
41825,Yes
41826,Yes
41827,Yes
41828,Yes
41829,No
41830,Yes
41831,No
41832,No
41833,No
41834,No
41835,No
41836,Yes
41837,Yes
41838,No
41839,Yes
41840,Yes
41841,Yes
41842,Yes
41843,Yes
41844,Yes
41845,Yes
41846,No
41847,No
41848,Yes
41849,No
41850,No
41851,Yes
41852,No
41853,No
41854,Yes
41855,No
41856,No
41857,Yes
41858,No
41859,No
41860,No
41861,Yes
41862,Yes
41863,No
41864,Yes
41865,No
41866,Yes
41867,No
41868,No
41869,No
41870,No
41871,Yes
41872,Yes
41873,Yes
41874,Yes
41875,No
41876,Yes
41877,Yes
41878,No
41879,Yes
41880,No
41881,No
41882,No
41883,No
41884,Yes
41885,No
41886,No
41887,Yes
41888,No
41889,Yes
41890,No
41891,No
41892,Yes
41893,No
41894,Yes
41895,Yes
41896,Yes
41897,No
41898,No
41899,Yes
41900,No
41901,No
41902,No
41903,No
41904,No
41905,Yes
41906,No
41907,No
41908,Yes
41909,Yes
41910,No
41911,Yes
41912,No
41913,Yes
41914,Yes
41915,No
41916,Yes
41917,Yes
41918,Yes
41919,No
41920,Yes
41921,Yes
41922,Yes
41923,Yes
41924,Yes
41925,Yes
41926,No
41927,Yes
41928,No
41929,Yes
41930,No
41931,Yes
41932,No
41933,Yes
41934,No
41935,Yes
41936,Yes
41937,Yes
41938,No
41939,No
41940,Yes
41941,No
41942,Yes
41943,Yes
41944,Yes
41945,Yes
41946,No
41947,Yes
41948,No
41949,No
41950,Yes
41951,Yes
41952,Yes
41953,No
41954,Yes
41955,No
41956,Yes
41957,No
41958,No
41959,Yes
41960,No
41961,Yes
41962,Yes
41963,No
41964,No
41965,No
41966,Yes
41967,No
41968,Yes
41969,Yes
41970,No
41971,No
41972,No
41973,Yes
41974,No
41975,Yes
41976,Yes
41977,No
41978,No
41979,Yes
41980,Yes
41981,No
41982,Yes
41983,No
41984,Yes
41985,No
41986,No
41987,No
41988,No
41989,No
41990,Yes
41991,Yes
41992,Yes
41993,Yes
41994,No
41995,Yes
41996,No
41997,No
41998,Yes
41999,Yes
42000,No
42001,Yes
42002,Yes
42003,No
42004,No
42005,Yes
42006,No
42007,No
42008,No
42009,Yes
42010,No
42011,Yes
42012,Yes
42013,No
42014,No
42015,No
42016,No
42017,Yes
42018,Yes
42019,Yes
42020,Yes
42021,No
42022,No
42023,No
42024,Yes
42025,No
42026,Yes
42027,No
42028,Yes
42029,No
42030,No
42031,No
42032,Yes
42033,Yes
42034,Yes
42035,No
42036,No
42037,Yes
42038,Yes
42039,No
42040,Yes
42041,Yes
42042,No
42043,No
42044,Yes
42045,Yes
42046,Yes
42047,Yes
42048,No
42049,No
42050,No
42051,No
42052,Yes
42053,No
42054,No
42055,Yes
42056,Yes
42057,No
42058,No
42059,No
42060,Yes
42061,Yes
42062,No
42063,No
42064,No
42065,No
42066,Yes
42067,No
42068,Yes
42069,Yes
42070,Yes
42071,No
42072,Yes
42073,Yes
42074,Yes
42075,No
42076,Yes
42077,No
42078,Yes
42079,No
42080,No
42081,No
42082,Yes
42083,No
42084,No
42085,Yes
42086,Yes
42087,Yes
42088,No
42089,Yes
42090,No
42091,Yes
42092,Yes
42093,No
42094,Yes
42095,No
42096,No
42097,No
42098,No
42099,Yes
42100,No
42101,No
42102,Yes
42103,Yes
42104,No
42105,No
42106,No
42107,No
42108,Yes
42109,No
42110,No
42111,Yes
42112,Yes
42113,Yes
42114,No
42115,Yes
42116,Yes
42117,No
42118,No
42119,Yes
42120,No
42121,No
42122,No
42123,No
42124,Yes
42125,Yes
42126,No
42127,No
42128,No
42129,Yes
42130,Yes
42131,No
42132,No
42133,No
42134,Yes
42135,No
42136,Yes
42137,No
42138,Yes
42139,Yes
42140,No
42141,Yes
42142,No
42143,Yes
42144,Yes
42145,Yes
42146,No
42147,Yes
42148,No
42149,Yes
42150,No
42151,No
42152,No
42153,No
42154,No
42155,Yes
42156,No
42157,No
42158,No
42159,No
42160,Yes
42161,No
42162,Yes
42163,Yes
42164,No
42165,No
42166,No
42167,Yes
42168,No
42169,Yes
42170,Yes
42171,No
42172,No
42173,No
42174,Yes
42175,Yes
42176,No
42177,Yes
42178,No
42179,No
42180,Yes
42181,No
42182,No
42183,Yes
42184,No
42185,Yes
42186,Yes
42187,No
42188,No
42189,Yes
42190,Yes
42191,No
42192,No
42193,No
42194,Yes
42195,No
42196,No
42197,Yes
42198,Yes
42199,Yes
42200,No
42201,No
42202,No
42203,Yes
42204,No
42205,Yes
42206,No
42207,No
42208,No
42209,No
42210,Yes
42211,Yes
42212,Yes
42213,No
42214,Yes
42215,Yes
42216,Yes
42217,No
42218,Yes
42219,Yes
42220,No
42221,No
42222,Yes
42223,Yes
42224,Yes
42225,No
42226,No
42227,Yes
42228,Yes
42229,Yes
42230,No
42231,No
42232,No
42233,No
42234,No
42235,Yes
42236,No
42237,No
42238,Yes
42239,Yes
42240,Yes
42241,No
42242,No
42243,No
42244,Yes
42245,No
42246,No
42247,No
42248,Yes
42249,Yes
42250,Yes
42251,Yes
42252,Yes
42253,Yes
42254,No
42255,No
42256,No
42257,Yes
42258,Yes
42259,No
42260,Yes
42261,No
42262,No
42263,No
42264,Yes
42265,No
42266,No
42267,Yes
42268,Yes
42269,No
42270,Yes
42271,No
42272,No
42273,No
42274,No
42275,No
42276,Yes
42277,No
42278,Yes
42279,No
42280,Yes
42281,No
42282,Yes
42283,Yes
42284,Yes
42285,Yes
42286,No
42287,No
42288,No
42289,Yes
42290,No
42291,No
42292,No
42293,No
42294,Yes
42295,Yes
42296,Yes
42297,Yes
42298,No
42299,Yes
42300,No
42301,Yes
42302,No
42303,No
42304,No
42305,Yes
42306,No
42307,Yes
42308,No
42309,No
42310,No
42311,Yes
42312,Yes
42313,Yes
42314,No
42315,No
42316,No
42317,Yes
42318,Yes
42319,Yes
42320,Yes
42321,No
42322,No
42323,No
42324,No
42325,No
42326,No
42327,Yes
42328,No
42329,No
42330,Yes
42331,No
42332,Yes
42333,Yes
42334,No
42335,No
42336,Yes
42337,Yes
42338,No
42339,No
42340,Yes
42341,No
42342,Yes
42343,No
42344,Yes
42345,No
42346,Yes
42347,No
42348,Yes
42349,No
42350,Yes
42351,No
42352,Yes
42353,Yes
42354,Yes
42355,Yes
42356,Yes
42357,No
42358,No
42359,No
42360,Yes
42361,Yes
42362,Yes
42363,No
42364,No
42365,Yes
42366,No
42367,Yes
42368,Yes
42369,Yes
42370,No
42371,Yes
42372,No
42373,Yes
42374,Yes
42375,No
42376,Yes
42377,No
42378,No
42379,Yes
42380,No
42381,Yes
42382,No
42383,Yes
42384,Yes
42385,Yes
42386,No
42387,No
42388,No
42389,Yes
42390,No
42391,Yes
42392,No
42393,Yes
42394,Yes
42395,No
42396,No
42397,No
42398,No
42399,No
42400,No
42401,No
42402,Yes
42403,Yes
42404,No
42405,Yes
42406,No
42407,Yes
42408,No
42409,No
42410,No
42411,Yes
42412,Yes
42413,No
42414,Yes
42415,No
42416,No
42417,Yes
42418,Yes
42419,Yes
42420,Yes
42421,No
42422,No
42423,No
42424,No
42425,No
42426,Yes
42427,Yes
42428,No
42429,Yes
42430,Yes
42431,Yes
42432,Yes
42433,No
42434,Yes
42435,No
42436,Yes
42437,Yes
42438,Yes
42439,No
42440,Yes
42441,Yes
42442,No
42443,No
42444,Yes
42445,No
42446,No
42447,No
42448,Yes
42449,Yes
42450,No
42451,No
42452,No
42453,Yes
42454,No
42455,No
42456,No
42457,No
42458,Yes
42459,Yes
42460,No
42461,No
42462,No
42463,Yes
42464,Yes
42465,No
42466,Yes
42467,Yes
42468,Yes
42469,No
42470,No
42471,No
42472,Yes
42473,No
42474,Yes
42475,Yes
42476,No
42477,Yes
42478,No
42479,Yes
42480,No
42481,Yes
42482,No
42483,No
42484,No
42485,No
42486,No
42487,Yes
42488,No
42489,Yes
42490,Yes
42491,No
42492,No
42493,Yes
42494,No
42495,Yes
42496,No
42497,No
42498,No
42499,No
42500,Yes
42501,Yes
42502,No
42503,Yes
42504,Yes
42505,No
42506,Yes
42507,No
42508,No
42509,Yes
42510,No
42511,Yes
42512,Yes
42513,Yes
42514,Yes
42515,Yes
42516,No
42517,No
42518,Yes
42519,No
42520,Yes
42521,Yes
42522,Yes
42523,Yes
42524,Yes
42525,No
42526,No
42527,Yes
42528,No
42529,Yes
42530,Yes
42531,No
42532,Yes
42533,No
42534,Yes
42535,Yes
42536,No
42537,Yes
42538,Yes
42539,No
42540,Yes
42541,Yes
42542,Yes
42543,No
42544,Yes
42545,No
42546,No
42547,No
42548,Yes
42549,Yes
42550,Yes
42551,Yes
42552,No
42553,No
42554,No
42555,Yes
42556,Yes
42557,No
42558,Yes
42559,Yes
42560,Yes
42561,No
42562,No
42563,Yes
42564,No
42565,Yes
42566,No
42567,No
42568,No
42569,No
42570,Yes
42571,No
42572,No
42573,No
42574,No
42575,No
42576,No
42577,No
42578,No
42579,Yes
42580,No
42581,Yes
42582,Yes
42583,Yes
42584,Yes
42585,No
42586,No
42587,Yes
42588,No
42589,Yes
42590,Yes
42591,No
42592,No
42593,Yes
42594,No
42595,Yes
42596,No
42597,No
42598,No
42599,No
42600,No
42601,No
42602,No
42603,No
42604,No
42605,No
42606,Yes
42607,No
42608,Yes
42609,Yes
42610,Yes
42611,No
42612,No
42613,Yes
42614,Yes
42615,No
42616,Yes
42617,Yes
42618,No
42619,No
42620,Yes
42621,No
42622,Yes
42623,No
42624,No
42625,Yes
42626,No
42627,Yes
42628,No
42629,No
42630,No
42631,Yes
42632,No
42633,Yes
42634,Yes
42635,Yes
42636,No
42637,No
42638,No
42639,Yes
42640,Yes
42641,No
42642,No
42643,Yes
42644,No
42645,No
42646,No
42647,No
42648,No
42649,Yes
42650,No
42651,Yes
42652,Yes
42653,Yes
42654,No
42655,Yes
42656,Yes
42657,No
42658,Yes
42659,No
42660,No
42661,Yes
42662,Yes
42663,No
42664,Yes
42665,No
42666,Yes
42667,No
42668,Yes
42669,Yes
42670,Yes
42671,Yes
42672,No
42673,No
42674,Yes
42675,Yes
42676,Yes
42677,Yes
42678,Yes
42679,No
42680,Yes
42681,No
42682,No
42683,No
42684,No
42685,No
42686,Yes
42687,Yes
42688,Yes
42689,No
42690,No
42691,No
42692,No
42693,Yes
42694,No
42695,Yes
42696,No
42697,No
42698,No
42699,Yes
42700,No
42701,No
42702,No
42703,No
42704,No
42705,No
42706,Yes
42707,No
42708,No
42709,No
42710,Yes
42711,No
42712,No
42713,Yes
42714,Yes
42715,No
42716,Yes
42717,No
42718,No
42719,Yes
42720,Yes
42721,Yes
42722,No
42723,Yes
42724,No
42725,No
42726,Yes
42727,No
42728,No
42729,Yes
42730,Yes
42731,No
42732,No
42733,No
42734,Yes
42735,No
42736,No
42737,No
42738,Yes
42739,No
42740,Yes
42741,Yes
42742,No
42743,Yes
42744,No
42745,Yes
42746,Yes
42747,No
42748,Yes
42749,Yes
42750,No
42751,Yes
42752,No
42753,Yes
42754,No
42755,No
42756,No
42757,No
42758,Yes
42759,No
42760,No
42761,Yes
42762,Yes
42763,Yes
42764,No
42765,Yes
42766,Yes
42767,No
42768,No
42769,No
42770,No
42771,No
42772,No
42773,Yes
42774,Yes
42775,Yes
42776,Yes
42777,No
42778,Yes
42779,No
42780,Yes
42781,No
42782,No
42783,No
42784,Yes
42785,Yes
42786,No
42787,Yes
42788,No
42789,Yes
42790,No
42791,Yes
42792,No
42793,Yes
42794,Yes
42795,No
42796,Yes
42797,No
42798,No
42799,No
42800,No
42801,No
42802,Yes
42803,Yes
42804,No
42805,Yes
42806,Yes
42807,Yes
42808,Yes
42809,Yes
42810,No
42811,No
42812,No
42813,No
42814,Yes
42815,No
42816,Yes
42817,Yes
42818,No
42819,No
42820,Yes
42821,Yes
42822,No
42823,Yes
42824,Yes
42825,No
42826,No
42827,No
42828,Yes
42829,Yes
42830,Yes
42831,Yes
42832,Yes
42833,No
42834,No
42835,Yes
42836,No
42837,Yes
42838,No
42839,No
42840,Yes
42841,No
42842,No
42843,Yes
42844,No
42845,Yes
42846,Yes
42847,No
42848,Yes
42849,No
42850,No
42851,Yes
42852,Yes
42853,No
42854,No
42855,Yes
42856,No
42857,No
42858,No
42859,No
42860,No
42861,No
42862,No
42863,Yes
42864,Yes
42865,No
42866,No
42867,Yes
42868,Yes
42869,No
42870,No
42871,Yes
42872,Yes
42873,Yes
42874,Yes
42875,Yes
42876,No
42877,Yes
42878,Yes
42879,Yes
42880,No
42881,No
42882,Yes
42883,No
42884,No
42885,No
42886,Yes
42887,No
42888,Yes
42889,Yes
42890,Yes
42891,Yes
42892,Yes
42893,No
42894,No
42895,No
42896,No
42897,Yes
42898,Yes
42899,No
42900,No
42901,No
42902,No
42903,Yes
42904,No
42905,No
42906,Yes
42907,Yes
42908,Yes
42909,No
42910,No
42911,No
42912,No
42913,No
42914,Yes
42915,No
42916,No
42917,Yes
42918,Yes
42919,Yes
42920,Yes
42921,No
42922,Yes
42923,No
42924,Yes
42925,No
42926,No
42927,No
42928,No
42929,Yes
42930,No
42931,No
42932,No
42933,No
42934,No
42935,Yes
42936,No
42937,No
42938,No
42939,Yes
42940,No
42941,No
42942,Yes
42943,Yes
42944,No
42945,No
42946,No
42947,Yes
42948,No
42949,Yes
42950,Yes
42951,No
42952,Yes
42953,No
42954,No
42955,Yes
42956,No
42957,No
42958,Yes
42959,No
42960,Yes
42961,No
42962,Yes
42963,Yes
42964,No
42965,No
42966,Yes
42967,No
42968,Yes
42969,Yes
42970,No
42971,Yes
42972,No
42973,No
42974,No
42975,Yes
42976,No
42977,Yes
42978,No
42979,No
42980,Yes
42981,Yes
42982,No
42983,Yes
42984,Yes
42985,Yes
42986,No
42987,Yes
42988,Yes
42989,Yes
42990,No
42991,Yes
42992,Yes
42993,No
42994,No
42995,No
42996,Yes
42997,No
42998,No
42999,Yes
43000,Yes
43001,No
43002,No
43003,No
43004,Yes
43005,No
43006,Yes
43007,No
43008,No
43009,Yes
43010,Yes
43011,No
43012,Yes
43013,No
43014,No
43015,Yes
43016,Yes
43017,No
43018,No
43019,No
43020,No
43021,Yes
43022,No
43023,No
43024,No
43025,No
43026,Yes
43027,No
43028,Yes
43029,Yes
43030,Yes
43031,No
43032,Yes
43033,Yes
43034,Yes
43035,No
43036,No
43037,Yes
43038,No
43039,Yes
43040,Yes
43041,Yes
43042,Yes
43043,No
43044,No
43045,No
43046,No
43047,No
43048,No
43049,No
43050,Yes
43051,No
43052,Yes
43053,No
43054,Yes
43055,No
43056,Yes
43057,No
43058,No
43059,Yes
43060,No
43061,No
43062,No
43063,No
43064,Yes
43065,Yes
43066,No
43067,No
43068,Yes
43069,No
43070,No
43071,No
43072,Yes
43073,Yes
43074,Yes
43075,No
43076,No
43077,No
43078,No
43079,Yes
43080,No
43081,No
43082,Yes
43083,No
43084,Yes
43085,Yes
43086,Yes
43087,Yes
43088,Yes
43089,Yes
43090,No
43091,No
43092,Yes
43093,Yes
43094,No
43095,No
43096,No
43097,Yes
43098,Yes
43099,No
43100,Yes
43101,No
43102,No
43103,No
43104,No
43105,No
43106,No
43107,Yes
43108,Yes
43109,No
43110,No
43111,No
43112,Yes
43113,Yes
43114,No
43115,Yes
43116,No
43117,Yes
43118,Yes
43119,No
43120,No
43121,Yes
43122,No
43123,No
43124,Yes
43125,Yes
43126,No
43127,No
43128,Yes
43129,Yes
43130,Yes
43131,No
43132,No
43133,Yes
43134,No
43135,No
43136,No
43137,No
43138,No
43139,No
43140,Yes
43141,Yes
43142,Yes
43143,No
43144,No
43145,No
43146,No
43147,No
43148,No
43149,Yes
43150,No
43151,No
43152,No
43153,No
43154,Yes
43155,No
43156,Yes
43157,No
43158,No
43159,Yes
43160,Yes
43161,No
43162,No
43163,Yes
43164,Yes
43165,No
43166,No
43167,Yes
43168,No
43169,No
43170,Yes
43171,Yes
43172,No
43173,No
43174,No
43175,Yes
43176,Yes
43177,Yes
43178,No
43179,Yes
43180,No
43181,No
43182,No
43183,No
43184,Yes
43185,No
43186,No
43187,Yes
43188,Yes
43189,No
43190,No
43191,Yes
43192,Yes
43193,Yes
43194,Yes
43195,No
43196,Yes
43197,No
43198,No
43199,Yes
43200,No
43201,No
43202,Yes
43203,No
43204,Yes
43205,Yes
43206,Yes
43207,No
43208,No
43209,Yes
43210,Yes
43211,No
43212,Yes
43213,No
43214,Yes
43215,No
43216,Yes
43217,No
43218,No
43219,Yes
43220,No
43221,Yes
43222,No
43223,No
43224,Yes
43225,Yes
43226,Yes
43227,Yes
43228,No
43229,Yes
43230,Yes
43231,Yes
43232,No
43233,Yes
43234,No
43235,Yes
43236,No
43237,No
43238,No
43239,Yes
43240,No
43241,Yes
43242,No
43243,No
43244,No
43245,Yes
43246,Yes
43247,No
43248,No
43249,No
43250,Yes
43251,No
43252,Yes
43253,No
43254,Yes
43255,No
43256,Yes
43257,Yes
43258,No
43259,Yes
43260,Yes
43261,Yes
43262,Yes
43263,Yes
43264,No
43265,Yes
43266,No
43267,No
43268,Yes
43269,Yes
43270,No
43271,Yes
43272,No
43273,Yes
43274,Yes
43275,Yes
43276,No
43277,No
43278,Yes
43279,No
43280,No
43281,Yes
43282,No
43283,No
43284,Yes
43285,No
43286,No
43287,Yes
43288,Yes
43289,Yes
43290,No
43291,No
43292,No
43293,No
43294,Yes
43295,No
43296,No
43297,No
43298,Yes
43299,No
43300,No
43301,No
43302,No
43303,No
43304,No
43305,No
43306,Yes
43307,Yes
43308,No
43309,Yes
43310,Yes
43311,No
43312,Yes
43313,No
43314,No
43315,Yes
43316,Yes
43317,Yes
43318,No
43319,No
43320,Yes
43321,No
43322,No
43323,Yes
43324,No
43325,No
43326,No
43327,No
43328,No
43329,No
43330,No
43331,Yes
43332,No
43333,Yes
43334,No
43335,No
43336,Yes
43337,Yes
43338,No
43339,Yes
43340,No
43341,No
43342,Yes
43343,No
43344,No
43345,No
43346,Yes
43347,No
43348,Yes
43349,No
43350,No
43351,No
43352,Yes
43353,Yes
43354,No
43355,No
43356,No
43357,Yes
43358,Yes
43359,Yes
43360,No
43361,No
43362,Yes
43363,No
43364,No
43365,No
43366,No
43367,No
43368,No
43369,No
43370,No
43371,Yes
43372,No
43373,No
43374,No
43375,No
43376,No
43377,No
43378,No
43379,Yes
43380,Yes
43381,Yes
43382,Yes
43383,No
43384,Yes
43385,No
43386,Yes
43387,No
43388,No
43389,No
43390,No
43391,Yes
43392,No
43393,No
43394,Yes
43395,Yes
43396,Yes
43397,No
43398,Yes
43399,No
43400,No
43401,No
43402,Yes
43403,Yes
43404,Yes
43405,Yes
43406,No
43407,Yes
43408,No
43409,Yes
43410,Yes
43411,No
43412,No
43413,Yes
43414,Yes
43415,Yes
43416,No
43417,Yes
43418,Yes
43419,Yes
43420,Yes
43421,Yes
43422,Yes
43423,No
43424,No
43425,Yes
43426,Yes
43427,Yes
43428,No
43429,No
43430,No
43431,No
43432,No
43433,Yes
43434,No
43435,Yes
43436,No
43437,No
43438,No
43439,No
43440,No
43441,Yes
43442,Yes
43443,No
43444,Yes
43445,No
43446,No
43447,No
43448,Yes
43449,Yes
43450,No
43451,No
43452,No
43453,No
43454,No
43455,No
43456,Yes
43457,Yes
43458,No
43459,Yes
43460,Yes
43461,No
43462,Yes
43463,No
43464,No
43465,No
43466,Yes
43467,Yes
43468,No
43469,Yes
43470,No
43471,No
43472,No
43473,No
43474,No
43475,Yes
43476,No
43477,Yes
43478,No
43479,Yes
43480,No
43481,Yes
43482,Yes
43483,No
43484,No
43485,No
43486,Yes
43487,No
43488,No
43489,No
43490,No
43491,No
43492,Yes
43493,Yes
43494,Yes
43495,Yes
43496,Yes
43497,No
43498,No
43499,No
43500,No
43501,No
43502,No
43503,Yes
43504,Yes
43505,No
43506,No
43507,No
43508,No
43509,No
43510,Yes
43511,No
43512,Yes
43513,No
43514,Yes
43515,No
43516,Yes
43517,Yes
43518,Yes
43519,Yes
43520,Yes
43521,No
43522,Yes
43523,No
43524,No
43525,No
43526,Yes
43527,Yes
43528,No
43529,Yes
43530,Yes
43531,Yes
43532,No
43533,Yes
43534,No
43535,No
43536,Yes
43537,No
43538,Yes
43539,Yes
43540,Yes
43541,Yes
43542,No
43543,No
43544,Yes
43545,No
43546,No
43547,Yes
43548,No
43549,Yes
43550,Yes
43551,No
43552,Yes
43553,Yes
43554,No
43555,No
43556,Yes
43557,Yes
43558,No
43559,No
43560,Yes
43561,No
43562,Yes
43563,No
43564,Yes
43565,No
43566,Yes
43567,Yes
43568,No
43569,Yes
43570,Yes
43571,Yes
43572,No
43573,No
43574,No
43575,Yes
43576,Yes
43577,Yes
43578,No
43579,No
43580,Yes
43581,Yes
43582,No
43583,No
43584,Yes
43585,Yes
43586,No
43587,No
43588,No
43589,Yes
43590,Yes
43591,No
43592,No
43593,Yes
43594,Yes
43595,No
43596,No
43597,Yes
43598,Yes
43599,Yes
43600,Yes
43601,Yes
43602,No
43603,No
43604,Yes
43605,Yes
43606,Yes
43607,No
43608,Yes
43609,No
43610,No
43611,No
43612,No
43613,No
43614,No
43615,Yes
43616,No
43617,No
43618,No
43619,No
43620,No
43621,No
43622,No
43623,Yes
43624,Yes
43625,Yes
43626,No
43627,No
43628,Yes
43629,No
43630,Yes
43631,No
43632,No
43633,Yes
43634,Yes
43635,Yes
43636,No
43637,Yes
43638,No
43639,No
43640,No
43641,Yes
43642,No
43643,No
43644,No
43645,Yes
43646,Yes
43647,Yes
43648,No
43649,Yes
43650,No
43651,No
43652,No
43653,No
43654,No
43655,Yes
43656,Yes
43657,No
43658,Yes
43659,No
43660,Yes
43661,Yes
43662,Yes
43663,Yes
43664,Yes
43665,No
43666,Yes
43667,No
43668,No
43669,Yes
43670,No
43671,No
43672,No
43673,No
43674,Yes
43675,No
43676,No
43677,No
43678,Yes
43679,Yes
43680,No
43681,Yes
43682,Yes
43683,Yes
43684,No
43685,No
43686,No
43687,No
43688,Yes
43689,No
43690,Yes
43691,Yes
43692,Yes
43693,Yes
43694,No
43695,Yes
43696,No
43697,Yes
43698,No
43699,No
43700,Yes
43701,Yes
43702,No
43703,Yes
43704,No
43705,No
43706,Yes
43707,Yes
43708,Yes
43709,No
43710,No
43711,No
43712,No
43713,No
43714,No
43715,Yes
43716,No
43717,No
43718,No
43719,No
43720,No
43721,Yes
43722,No
43723,No
43724,Yes
43725,No
43726,Yes
43727,Yes
43728,Yes
43729,Yes
43730,No
43731,Yes
43732,No
43733,Yes
43734,No
43735,No
43736,No
43737,No
43738,No
43739,Yes
43740,No
43741,No
43742,No
43743,No
43744,No
43745,No
43746,No
43747,Yes
43748,No
43749,Yes
43750,Yes
43751,Yes
43752,No
43753,No
43754,No
43755,No
43756,Yes
43757,No
43758,No
43759,No
43760,No
43761,No
43762,Yes
43763,No
43764,No
43765,Yes
43766,No
43767,No
43768,No
43769,Yes
43770,No
43771,Yes
43772,No
43773,No
43774,No
43775,No
43776,Yes
43777,No
43778,No
43779,No
43780,Yes
43781,No
43782,No
43783,Yes
43784,No
43785,Yes
43786,No
43787,Yes
43788,Yes
43789,No
43790,Yes
43791,Yes
43792,No
43793,Yes
43794,No
43795,Yes
43796,No
43797,Yes
43798,Yes
43799,No
43800,No
43801,No
43802,No
43803,No
43804,No
43805,Yes
43806,Yes
43807,Yes
43808,Yes
43809,Yes
43810,No
43811,Yes
43812,No
43813,No
43814,Yes
43815,No
43816,Yes
43817,No
43818,Yes
43819,Yes
43820,Yes
43821,No
43822,No
43823,No
43824,Yes
43825,No
43826,Yes
43827,Yes
43828,No
43829,Yes
43830,Yes
43831,Yes
43832,Yes
43833,No
43834,Yes
43835,Yes
43836,No
43837,No
43838,No
43839,Yes
43840,Yes
43841,Yes
43842,Yes
43843,No
43844,Yes
43845,No
43846,No
43847,Yes
43848,No
43849,No
43850,Yes
43851,No
43852,No
43853,No
43854,No
43855,Yes
43856,No
43857,No
43858,Yes
43859,Yes
43860,Yes
43861,Yes
43862,No
43863,No
43864,No
43865,No
43866,No
43867,No
43868,No
43869,No
43870,No
43871,Yes
43872,No
43873,No
43874,No
43875,No
43876,Yes
43877,Yes
43878,No
43879,No
43880,No
43881,No
43882,Yes
43883,No
43884,No
43885,No
43886,No
43887,No
43888,No
43889,No
43890,Yes
43891,Yes
43892,No
43893,Yes
43894,No
43895,No
43896,Yes
43897,No
43898,Yes
43899,No
43900,No
43901,No
43902,Yes
43903,No
43904,Yes
43905,No
43906,Yes
43907,Yes
43908,No
43909,No
43910,No
43911,Yes
43912,Yes
43913,Yes
43914,No
43915,No
43916,Yes
43917,No
43918,No
43919,Yes
43920,No
43921,No
43922,No
43923,No
43924,No
43925,Yes
43926,No
43927,Yes
43928,Yes
43929,Yes
43930,No
43931,Yes
43932,No
43933,No
43934,No
43935,No
43936,Yes
43937,No
43938,Yes
43939,No
43940,No
43941,No
43942,Yes
43943,Yes
43944,Yes
43945,Yes
43946,No
43947,Yes
43948,No
43949,Yes
43950,No
43951,Yes
43952,Yes
43953,Yes
43954,Yes
43955,No
43956,Yes
43957,No
43958,No
43959,Yes
43960,Yes
43961,No
43962,Yes
43963,Yes
43964,No
43965,No
43966,No
43967,No
43968,No
43969,No
43970,No
43971,No
43972,No
43973,Yes
43974,Yes
43975,No
43976,No
43977,Yes
43978,Yes
43979,No
43980,No
43981,Yes
43982,No
43983,No
43984,No
43985,Yes
43986,Yes
43987,No
43988,Yes
43989,Yes
43990,No
43991,Yes
43992,Yes
43993,No
43994,No
43995,No
43996,Yes
43997,No
43998,Yes
43999,No
44000,No
44001,No
44002,Yes
44003,Yes
44004,No
44005,No
44006,No
44007,No
44008,Yes
44009,Yes
44010,No
44011,Yes
44012,No
44013,Yes
44014,Yes
44015,Yes
44016,Yes
44017,Yes
44018,No
44019,Yes
44020,No
44021,No
44022,No
44023,Yes
44024,Yes
44025,Yes
44026,No
44027,Yes
44028,Yes
44029,No
44030,No
44031,No
44032,No
44033,No
44034,No
44035,No
44036,No
44037,No
44038,Yes
44039,No
44040,Yes
44041,Yes
44042,No
44043,Yes
44044,Yes
44045,Yes
44046,Yes
44047,Yes
44048,No
44049,No
44050,Yes
44051,No
44052,No
44053,No
44054,No
44055,Yes
44056,No
44057,No
44058,No
44059,No
44060,No
44061,No
44062,No
44063,Yes
44064,Yes
44065,Yes
44066,Yes
44067,Yes
44068,No
44069,No
44070,No
44071,Yes
44072,No
44073,Yes
44074,No
44075,No
44076,Yes
44077,Yes
44078,No
44079,Yes
44080,Yes
44081,Yes
44082,Yes
44083,Yes
44084,No
44085,Yes
44086,No
44087,No
44088,No
44089,Yes
44090,No
44091,Yes
44092,No
44093,No
44094,Yes
44095,Yes
44096,No
44097,Yes
44098,Yes
44099,No
44100,No
44101,No
44102,Yes
44103,Yes
44104,Yes
44105,No
44106,Yes
44107,No
44108,Yes
44109,No
44110,Yes
44111,Yes
44112,Yes
44113,Yes
44114,No
44115,No
44116,Yes
44117,No
44118,No
44119,No
44120,Yes
44121,Yes
44122,No
44123,Yes
44124,No
44125,No
44126,Yes
44127,No
44128,Yes
44129,Yes
44130,No
44131,Yes
44132,No
44133,No
44134,Yes
44135,Yes
44136,Yes
44137,Yes
44138,Yes
44139,No
44140,No
44141,No
44142,Yes
44143,No
44144,Yes
44145,Yes
44146,No
44147,No
44148,Yes
44149,No
44150,No
44151,No
44152,Yes
44153,Yes
44154,No
44155,No
44156,Yes
44157,No
44158,No
44159,No
44160,No
44161,No
44162,No
44163,Yes
44164,Yes
44165,No
44166,Yes
44167,Yes
44168,Yes
44169,Yes
44170,No
44171,Yes
44172,No
44173,No
44174,Yes
44175,No
44176,No
44177,No
44178,Yes
44179,Yes
44180,Yes
44181,Yes
44182,Yes
44183,No
44184,Yes
44185,No
44186,No
44187,No
44188,No
44189,No
44190,Yes
44191,No
44192,No
44193,No
44194,No
44195,Yes
44196,Yes
44197,No
44198,Yes
44199,No
44200,Yes
44201,No
44202,Yes
44203,No
44204,No
44205,Yes
44206,No
44207,Yes
44208,Yes
44209,Yes
44210,No
44211,Yes
44212,Yes
44213,No
44214,No
44215,Yes
44216,No
44217,Yes
44218,No
44219,No
44220,Yes
44221,Yes
44222,No
44223,Yes
44224,Yes
44225,Yes
44226,No
44227,Yes
44228,Yes
44229,Yes
44230,No
44231,Yes
44232,Yes
44233,No
44234,No
44235,No
44236,No
44237,No
44238,Yes
44239,No
44240,Yes
44241,Yes
44242,No
44243,No
44244,No
44245,No
44246,Yes
44247,No
44248,No
44249,Yes
44250,No
44251,No
44252,Yes
44253,No
44254,Yes
44255,No
44256,No
44257,No
44258,Yes
44259,Yes
44260,No
44261,No
44262,No
44263,No
44264,Yes
44265,No
44266,No
44267,No
44268,No
44269,No
44270,No
44271,Yes
44272,No
44273,No
44274,Yes
44275,Yes
44276,Yes
44277,Yes
44278,Yes
44279,No
44280,Yes
44281,No
44282,No
44283,Yes
44284,No
44285,Yes
44286,No
44287,No
44288,No
44289,No
44290,No
44291,Yes
44292,Yes
44293,Yes
44294,No
44295,Yes
44296,No
44297,No
44298,Yes
44299,No
44300,No
44301,Yes
44302,No
44303,Yes
44304,Yes
44305,Yes
44306,No
44307,No
44308,Yes
44309,No
44310,No
44311,Yes
44312,No
44313,Yes
44314,No
44315,No
44316,No
44317,Yes
44318,Yes
44319,Yes
44320,Yes
44321,No
44322,Yes
44323,No
44324,No
44325,Yes
44326,No
44327,Yes
44328,No
44329,Yes
44330,No
44331,No
44332,No
44333,No
44334,Yes
44335,No
44336,Yes
44337,No
44338,Yes
44339,No
44340,Yes
44341,No
44342,No
44343,No
44344,No
44345,No
44346,Yes
44347,Yes
44348,Yes
44349,No
44350,No
44351,Yes
44352,Yes
44353,No
44354,Yes
44355,No
44356,No
44357,No
44358,Yes
44359,No
44360,Yes
44361,Yes
44362,No
44363,Yes
44364,Yes
44365,No
44366,Yes
44367,No
44368,No
44369,Yes
44370,Yes
44371,Yes
44372,Yes
44373,No
44374,No
44375,No
44376,Yes
44377,Yes
44378,Yes
44379,No
44380,Yes
44381,Yes
44382,Yes
44383,No
44384,No
44385,Yes
44386,Yes
44387,Yes
44388,Yes
44389,No
44390,No
44391,Yes
44392,Yes
44393,No
44394,No
44395,No
44396,Yes
44397,No
44398,No
44399,No
44400,No
44401,No
44402,No
44403,No
44404,No
44405,Yes
44406,Yes
44407,No
44408,No
44409,No
44410,No
44411,Yes
44412,Yes
44413,Yes
44414,No
44415,No
44416,No
44417,Yes
44418,No
44419,Yes
44420,Yes
44421,No
44422,No
44423,Yes
44424,No
44425,No
44426,Yes
44427,Yes
44428,No
44429,No
44430,Yes
44431,No
44432,No
44433,No
44434,No
44435,Yes
44436,No
44437,No
44438,Yes
44439,No
44440,Yes
44441,No
44442,No
44443,No
44444,No
44445,No
44446,No
44447,No
44448,No
44449,No
44450,Yes
44451,No
44452,No
44453,No
44454,No
44455,Yes
44456,No
44457,No
44458,No
44459,Yes
44460,Yes
44461,No
44462,Yes
44463,No
44464,No
44465,Yes
44466,Yes
44467,No
44468,Yes
44469,Yes
44470,Yes
44471,No
44472,Yes
44473,No
44474,Yes
44475,No
44476,Yes
44477,No
44478,Yes
44479,Yes
44480,Yes
44481,Yes
44482,No
44483,No
44484,Yes
44485,Yes
44486,Yes
44487,No
44488,No
44489,Yes
44490,No
44491,No
44492,Yes
44493,Yes
44494,Yes
44495,No
44496,No
44497,Yes
44498,Yes
44499,Yes
44500,Yes
44501,No
44502,No
44503,Yes
44504,Yes
44505,No
44506,Yes
44507,No
44508,Yes
44509,Yes
44510,Yes
44511,Yes
44512,No
44513,Yes
44514,No
44515,Yes
44516,No
44517,No
44518,No
44519,No
44520,Yes
44521,Yes
44522,Yes
44523,No
44524,Yes
44525,No
44526,Yes
44527,Yes
44528,No
44529,Yes
44530,Yes
44531,Yes
44532,No
44533,No
44534,No
44535,No
44536,Yes
44537,No
44538,No
44539,Yes
44540,Yes
44541,Yes
44542,No
44543,Yes
44544,No
44545,No
44546,Yes
44547,No
44548,No
44549,Yes
44550,Yes
44551,Yes
44552,Yes
44553,No
44554,Yes
44555,No
44556,No
44557,No
44558,Yes
44559,No
44560,No
44561,Yes
44562,Yes
44563,Yes
44564,No
44565,Yes
44566,Yes
44567,Yes
44568,No
44569,Yes
44570,Yes
44571,No
44572,Yes
44573,No
44574,Yes
44575,No
44576,No
44577,Yes
44578,Yes
44579,Yes
44580,No
44581,No
44582,Yes
44583,No
44584,Yes
44585,Yes
44586,No
44587,No
44588,No
44589,No
44590,No
44591,Yes
44592,No
44593,Yes
44594,No
44595,Yes
44596,Yes
44597,No
44598,Yes
44599,No
44600,No
44601,No
44602,No
44603,No
44604,No
44605,No
44606,Yes
44607,Yes
44608,No
44609,Yes
44610,No
44611,No
44612,Yes
44613,Yes
44614,No
44615,Yes
44616,Yes
44617,No
44618,No
44619,Yes
44620,No
44621,No
44622,Yes
44623,No
44624,Yes
44625,No
44626,Yes
44627,Yes
44628,No
44629,Yes
44630,No
44631,No
44632,No
44633,No
44634,Yes
44635,No
44636,No
44637,No
44638,No
44639,No
44640,No
44641,Yes
44642,Yes
44643,No
44644,Yes
44645,No
44646,Yes
44647,No
44648,No
44649,Yes
44650,No
44651,No
44652,No
44653,Yes
44654,No
44655,Yes
44656,No
44657,Yes
44658,Yes
44659,Yes
44660,No
44661,No
44662,Yes
44663,No
44664,Yes
44665,Yes
44666,Yes
44667,Yes
44668,No
44669,No
44670,No
44671,Yes
44672,No
44673,No
44674,Yes
44675,Yes
44676,Yes
44677,No
44678,No
44679,Yes
44680,No
44681,No
44682,No
44683,No
44684,Yes
44685,No
44686,Yes
44687,No
44688,No
44689,No
44690,No
44691,No
44692,Yes
44693,No
44694,Yes
44695,No
44696,Yes
44697,Yes
44698,Yes
44699,Yes
44700,No
44701,Yes
44702,No
44703,No
44704,Yes
44705,Yes
44706,No
44707,Yes
44708,No
44709,Yes
44710,Yes
44711,Yes
44712,No
44713,Yes
44714,No
44715,No
44716,Yes
44717,No
44718,No
44719,Yes
44720,Yes
44721,Yes
44722,Yes
44723,No
44724,Yes
44725,Yes
44726,No
44727,Yes
44728,No
44729,No
44730,Yes
44731,No
44732,Yes
44733,Yes
44734,Yes
44735,No
44736,No
44737,Yes
44738,No
44739,No
44740,No
44741,No
44742,Yes
44743,No
44744,Yes
44745,No
44746,No
44747,Yes
44748,Yes
44749,Yes
44750,Yes
44751,Yes
44752,Yes
44753,Yes
44754,No
44755,No
44756,No
44757,No
44758,No
44759,Yes
44760,Yes
44761,Yes
44762,Yes
44763,Yes
44764,Yes
44765,Yes
44766,No
44767,No
44768,Yes
44769,No
44770,No
44771,Yes
44772,Yes
44773,No
44774,No
44775,No
44776,No
44777,Yes
44778,No
44779,Yes
44780,Yes
44781,No
44782,Yes
44783,Yes
44784,Yes
44785,Yes
44786,Yes
44787,No
44788,No
44789,Yes
44790,Yes
44791,No
44792,No
44793,No
44794,No
44795,Yes
44796,Yes
44797,No
44798,Yes
44799,Yes
44800,No
44801,Yes
44802,No
44803,No
44804,Yes
44805,Yes
44806,Yes
44807,No
44808,Yes
44809,No
44810,Yes
44811,Yes
44812,Yes
44813,Yes
44814,No
44815,No
44816,Yes
44817,No
44818,No
44819,Yes
44820,Yes
44821,No
44822,Yes
44823,Yes
44824,No
44825,Yes
44826,No
44827,No
44828,No
44829,No
44830,No
44831,No
44832,No
44833,Yes
44834,Yes
44835,Yes
44836,No
44837,Yes
44838,No
44839,No
44840,Yes
44841,No
44842,Yes
44843,Yes
44844,Yes
44845,No
44846,No
44847,No
44848,No
44849,Yes
44850,No
44851,Yes
44852,Yes
44853,No
44854,Yes
44855,No
44856,Yes
44857,Yes
44858,Yes
44859,No
44860,Yes
44861,Yes
44862,Yes
44863,Yes
44864,Yes
44865,Yes
44866,No
44867,Yes
44868,Yes
44869,Yes
44870,Yes
44871,Yes
44872,No
44873,No
44874,Yes
44875,Yes
44876,No
44877,No
44878,Yes
44879,Yes
44880,No
44881,Yes
44882,Yes
44883,No
44884,Yes
44885,Yes
44886,Yes
44887,No
44888,No
44889,No
44890,Yes
44891,Yes
44892,No
44893,No
44894,Yes
44895,Yes
44896,No
44897,No
44898,No
44899,No
44900,Yes
44901,No
44902,Yes
44903,No
44904,Yes
44905,No
44906,Yes
44907,No
44908,Yes
44909,No
44910,Yes
44911,No
44912,Yes
44913,No
44914,No
44915,No
44916,No
44917,No
44918,Yes
44919,Yes
44920,No
44921,No
44922,Yes
44923,No
44924,Yes
44925,Yes
44926,Yes
44927,No
44928,No
44929,Yes
44930,No
44931,Yes
44932,Yes
44933,No
44934,No
44935,Yes
44936,No
44937,Yes
44938,No
44939,No
44940,No
44941,No
44942,Yes
44943,No
44944,Yes
44945,No
44946,No
44947,No
44948,No
44949,No
44950,No
44951,No
44952,No
44953,Yes
44954,No
44955,Yes
44956,No
44957,Yes
44958,No
44959,Yes
44960,No
44961,No
44962,Yes
44963,Yes
44964,No
44965,Yes
44966,No
44967,No
44968,No
44969,No
44970,Yes
44971,Yes
44972,No
44973,No
44974,No
44975,No
44976,No
44977,Yes
44978,Yes
44979,No
44980,No
44981,Yes
44982,No
44983,No
44984,Yes
44985,Yes
44986,Yes
44987,No
44988,Yes
44989,No
44990,No
44991,No
44992,Yes
44993,No
44994,Yes
44995,No
44996,No
44997,No
44998,No
44999,Yes
45000,No
45001,Yes
45002,Yes
45003,Yes
45004,No
45005,No
45006,No
45007,Yes
45008,No
45009,Yes
45010,Yes
45011,No
45012,Yes
45013,Yes
45014,Yes
45015,No
45016,Yes
45017,No
45018,No
45019,Yes
45020,No
45021,Yes
45022,Yes
45023,Yes
45024,No
45025,No
45026,No
45027,No
45028,Yes
45029,Yes
45030,Yes
45031,Yes
45032,Yes
45033,Yes
45034,No
45035,Yes
45036,No
45037,No
45038,Yes
45039,Yes
45040,No
45041,Yes
45042,No
45043,No
45044,No
45045,No
45046,No
45047,No
45048,Yes
45049,No
45050,Yes
45051,No
45052,Yes
45053,Yes
45054,No
45055,Yes
45056,No
45057,Yes
45058,Yes
45059,Yes
45060,No
45061,Yes
45062,Yes
45063,Yes
45064,Yes
45065,No
45066,Yes
45067,Yes
45068,Yes
45069,No
45070,No
45071,Yes
45072,No
45073,Yes
45074,Yes
45075,No
45076,No
45077,No
45078,Yes
45079,Yes
45080,No
45081,No
45082,Yes
45083,No
45084,Yes
45085,No
45086,Yes
45087,No
45088,Yes
45089,No
45090,Yes
45091,Yes
45092,No
45093,No
45094,Yes
45095,No
45096,Yes
45097,Yes
45098,Yes
45099,Yes
45100,Yes
45101,No
45102,No
45103,No
45104,Yes
45105,No
45106,Yes
45107,No
45108,Yes
45109,Yes
45110,Yes
45111,No
45112,Yes
45113,No
45114,No
45115,No
45116,Yes
45117,No
45118,No
45119,Yes
45120,Yes
45121,Yes
45122,No
45123,No
45124,Yes
45125,Yes
45126,Yes
45127,Yes
45128,Yes
45129,No
45130,Yes
45131,No
45132,Yes
45133,No
45134,No
45135,No
45136,No
45137,No
45138,No
45139,Yes
45140,Yes
45141,No
45142,No
45143,No
45144,No
45145,No
45146,Yes
45147,No
45148,Yes
45149,No
45150,No
45151,No
45152,No
45153,No
45154,Yes
45155,Yes
45156,Yes
45157,Yes
45158,No
45159,Yes
45160,No
45161,No
45162,No
45163,Yes
45164,Yes
45165,Yes
45166,Yes
45167,Yes
45168,No
45169,No
45170,Yes
45171,No
45172,Yes
45173,No
45174,No
45175,Yes
45176,Yes
45177,No
45178,No
45179,No
45180,Yes
45181,Yes
45182,No
45183,Yes
45184,Yes
45185,Yes
45186,No
45187,Yes
45188,Yes
45189,No
45190,Yes
45191,No
45192,No
45193,Yes
45194,No
45195,Yes
45196,No
45197,No
45198,Yes
45199,No
45200,No
45201,No
45202,No
45203,Yes
45204,No
45205,No
45206,No
45207,Yes
45208,Yes
45209,Yes
45210,Yes
45211,No
45212,Yes
45213,No
45214,Yes
45215,No
45216,No
45217,No
45218,No
45219,No
45220,Yes
45221,Yes
45222,No
45223,No
45224,Yes
45225,Yes
45226,No
45227,No
45228,No
45229,No
45230,No
45231,Yes
45232,Yes
45233,No
45234,No
45235,No
45236,No
45237,Yes
45238,Yes
45239,Yes
45240,Yes
45241,No
45242,Yes
45243,No
45244,No
45245,Yes
45246,No
45247,Yes
45248,Yes
45249,Yes
45250,Yes
45251,No
45252,No
45253,No
45254,No
45255,Yes
45256,No
45257,No
45258,No
45259,No
45260,No
45261,No
45262,Yes
45263,No
45264,No
45265,Yes
45266,Yes
45267,No
45268,No
45269,Yes
45270,Yes
45271,No
45272,Yes
45273,No
45274,Yes
45275,Yes
45276,Yes
45277,Yes
45278,No
45279,No
45280,No
45281,No
45282,Yes
45283,Yes
45284,Yes
45285,No
45286,Yes
45287,No
45288,No
45289,Yes
45290,No
45291,No
45292,Yes
45293,Yes
45294,Yes
45295,Yes
45296,No
45297,No
45298,No
45299,No
45300,Yes
45301,No
45302,No
45303,Yes
45304,No
45305,No
45306,No
45307,No
45308,Yes
45309,Yes
45310,Yes
45311,No
45312,No
45313,Yes
45314,No
45315,Yes
45316,No
45317,Yes
45318,Yes
45319,No
45320,No
45321,Yes
45322,No
45323,Yes
45324,No
45325,No
45326,Yes
45327,Yes
45328,Yes
45329,No
45330,No
45331,No
45332,Yes
45333,No
45334,Yes
45335,No
45336,No
45337,No
45338,No
45339,Yes
45340,No
45341,Yes
45342,No
45343,Yes
45344,Yes
45345,No
45346,No
45347,Yes
45348,No
45349,Yes
45350,No
45351,No
45352,No
45353,Yes
45354,No
45355,Yes
45356,No
45357,No
45358,Yes
45359,Yes
45360,No
45361,Yes
45362,No
45363,Yes
45364,No
45365,Yes
45366,Yes
45367,Yes
45368,No
45369,No
45370,Yes
45371,Yes
45372,Yes
45373,No
45374,Yes
45375,No
45376,Yes
45377,No
45378,Yes
45379,Yes
45380,No
45381,Yes
45382,No
45383,Yes
45384,Yes
45385,Yes
45386,No
45387,No
45388,Yes
45389,Yes
45390,No
45391,Yes
45392,Yes
45393,Yes
45394,No
45395,No
45396,No
45397,No
45398,No
45399,Yes
45400,No
45401,No
45402,No
45403,No
45404,Yes
45405,Yes
45406,No
45407,Yes
45408,No
45409,No
45410,Yes
45411,No
45412,No
45413,No
45414,Yes
45415,No
45416,No
45417,Yes
45418,No
45419,No
45420,No
45421,No
45422,Yes
45423,No
45424,No
45425,No
45426,Yes
45427,No
45428,Yes
45429,No
45430,No
45431,No
45432,No
45433,No
45434,No
45435,No
45436,No
45437,No
45438,No
45439,No
45440,Yes
45441,No
45442,Yes
45443,No
45444,Yes
45445,Yes
45446,Yes
45447,Yes
45448,No
45449,Yes
45450,Yes
45451,No
45452,No
45453,Yes
45454,No
45455,Yes
45456,Yes
45457,No
45458,No
45459,Yes
45460,Yes
45461,Yes
45462,No
45463,No
45464,No
45465,Yes
45466,Yes
45467,No
45468,Yes
45469,No
45470,Yes
45471,No
45472,No
45473,Yes
45474,No
45475,Yes
45476,No
45477,Yes
45478,Yes
45479,No
45480,Yes
45481,No
45482,Yes
45483,Yes
45484,Yes
45485,No
45486,No
45487,No
45488,Yes
45489,Yes
45490,No
45491,No
45492,No
45493,Yes
45494,Yes
45495,Yes
45496,Yes
45497,Yes
45498,Yes
45499,No
45500,Yes
45501,No
45502,Yes
45503,No
45504,No
45505,No
45506,Yes
45507,No
45508,Yes
45509,No
45510,Yes
45511,Yes
45512,No
45513,Yes
45514,No
45515,No
45516,No
45517,Yes
45518,No
45519,No
45520,Yes
45521,No
45522,Yes
45523,No
45524,Yes
45525,No
45526,Yes
45527,Yes
45528,Yes
45529,Yes
45530,No
45531,No
45532,Yes
45533,No
45534,Yes
45535,Yes
45536,Yes
45537,Yes
45538,No
45539,Yes
45540,Yes
45541,No
45542,Yes
45543,Yes
45544,Yes
45545,No
45546,No
45547,Yes
45548,Yes
45549,No
45550,Yes
45551,Yes
45552,Yes
45553,Yes
45554,No
45555,Yes
45556,Yes
45557,Yes
45558,Yes
45559,Yes
45560,No
45561,Yes
45562,Yes
45563,Yes
45564,Yes
45565,Yes
45566,Yes
45567,No
45568,No
45569,No
45570,No
45571,Yes
45572,No
45573,Yes
45574,No
45575,Yes
45576,Yes
45577,No
45578,No
45579,Yes
45580,Yes
45581,No
45582,No
45583,No
45584,Yes
45585,Yes
45586,No
45587,No
45588,Yes
45589,No
45590,No
45591,No
45592,Yes
45593,Yes
45594,Yes
45595,Yes
45596,No
45597,Yes
45598,No
45599,Yes
45600,No
45601,No
45602,No
45603,No
45604,Yes
45605,Yes
45606,Yes
45607,No
45608,No
45609,Yes
45610,Yes
45611,No
45612,Yes
45613,No
45614,Yes
45615,Yes
45616,No
45617,Yes
45618,No
45619,No
45620,Yes
45621,No
45622,Yes
45623,Yes
45624,Yes
45625,No
45626,Yes
45627,Yes
45628,Yes
45629,Yes
45630,Yes
45631,Yes
45632,Yes
45633,No
45634,No
45635,Yes
45636,Yes
45637,No
45638,Yes
45639,Yes
45640,Yes
45641,Yes
45642,No
45643,No
45644,No
45645,Yes
45646,No
45647,Yes
45648,Yes
45649,Yes
45650,Yes
45651,Yes
45652,No
45653,Yes
45654,No
45655,Yes
45656,No
45657,No
45658,No
45659,No
45660,No
45661,Yes
45662,No
45663,No
45664,Yes
45665,Yes
45666,No
45667,Yes
45668,Yes
45669,Yes
45670,No
45671,Yes
45672,No
45673,Yes
45674,No
45675,Yes
45676,No
45677,No
45678,No
45679,No
45680,Yes
45681,Yes
45682,Yes
45683,No
45684,No
45685,Yes
45686,No
45687,No
45688,No
45689,No
45690,No
45691,No
45692,Yes
45693,No
45694,No
45695,No
45696,No
45697,No
45698,No
45699,No
45700,Yes
45701,No
45702,No
45703,No
45704,No
45705,No
45706,No
45707,No
45708,No
45709,No
45710,Yes
45711,No
45712,No
45713,No
45714,Yes
45715,Yes
45716,Yes
45717,Yes
45718,Yes
45719,Yes
45720,No
45721,Yes
45722,No
45723,Yes
45724,No
45725,Yes
45726,No
45727,Yes
45728,No
45729,Yes
45730,No
45731,No
45732,No
45733,No
45734,No
45735,Yes
45736,Yes
45737,No
45738,No
45739,No
45740,No
45741,No
45742,No
45743,No
45744,No
45745,Yes
45746,Yes
45747,Yes
45748,No
45749,No
45750,No
45751,No
45752,No
45753,No
45754,No
45755,No
45756,Yes
45757,No
45758,Yes
45759,Yes
45760,Yes
45761,Yes
45762,Yes
45763,No
45764,Yes
45765,No
45766,No
45767,No
45768,No
45769,No
45770,Yes
45771,No
45772,Yes
45773,No
45774,No
45775,Yes
45776,Yes
45777,No
45778,Yes
45779,No
45780,Yes
45781,No
45782,Yes
45783,Yes
45784,Yes
45785,No
45786,Yes
45787,No
45788,No
45789,Yes
45790,No
45791,No
45792,Yes
45793,No
45794,No
45795,Yes
45796,Yes
45797,Yes
45798,No
45799,Yes
45800,No
45801,Yes
45802,No
45803,No
45804,Yes
45805,No
45806,No
45807,No
45808,No
45809,No
45810,No
45811,Yes
45812,Yes
45813,Yes
45814,Yes
45815,No
45816,No
45817,Yes
45818,Yes
45819,No
45820,Yes
45821,Yes
45822,No
45823,Yes
45824,Yes
45825,Yes
45826,Yes
45827,No
45828,No
45829,No
45830,No
45831,Yes
45832,No
45833,No
45834,No
45835,Yes
45836,Yes
45837,No
45838,No
45839,Yes
45840,No
45841,Yes
45842,No
45843,Yes
45844,No
45845,No
45846,No
45847,Yes
45848,Yes
45849,Yes
45850,Yes
45851,Yes
45852,Yes
45853,Yes
45854,Yes
45855,Yes
45856,No
45857,Yes
45858,No
45859,No
45860,Yes
45861,Yes
45862,Yes
45863,Yes
45864,No
45865,No
45866,No
45867,No
45868,No
45869,No
45870,Yes
45871,Yes
45872,No
45873,No
45874,No
45875,Yes
45876,No
45877,No
45878,No
45879,Yes
45880,No
45881,No
45882,Yes
45883,No
45884,Yes
45885,Yes
45886,No
45887,No
45888,No
45889,Yes
45890,Yes
45891,No
45892,No
45893,No
45894,No
45895,No
45896,No
45897,Yes
45898,No
45899,No
45900,No
45901,Yes
45902,Yes
45903,Yes
45904,No
45905,Yes
45906,No
45907,Yes
45908,No
45909,Yes
45910,Yes
45911,Yes
45912,No
45913,No
45914,No
45915,No
45916,Yes
45917,No
45918,No
45919,No
45920,Yes
45921,Yes
45922,No
45923,Yes
45924,No
45925,No
45926,Yes
45927,No
45928,Yes
45929,No
45930,Yes
45931,No
45932,Yes
45933,No
45934,Yes
45935,Yes
45936,Yes
45937,No
45938,No
45939,No
45940,Yes
45941,No
45942,Yes
45943,Yes
45944,Yes
45945,No
45946,Yes
45947,No
45948,No
45949,Yes
45950,No
45951,No
45952,No
45953,Yes
45954,No
45955,No
45956,Yes
45957,No
45958,Yes
45959,No
45960,No
45961,No
45962,Yes
45963,No
45964,No
45965,No
45966,Yes
45967,Yes
45968,Yes
45969,No
45970,No
45971,No
45972,No
45973,No
45974,No
45975,Yes
45976,Yes
45977,No
45978,No
45979,No
45980,Yes
45981,No
45982,No
45983,No
45984,Yes
45985,No
45986,No
45987,Yes
45988,No
45989,Yes
45990,No
45991,No
45992,No
45993,Yes
45994,No
45995,No
45996,No
45997,Yes
45998,Yes
45999,Yes
46000,No
46001,No
46002,No
46003,No
46004,Yes
46005,No
46006,Yes
46007,No
46008,No
46009,Yes
46010,Yes
46011,Yes
46012,Yes
46013,Yes
46014,Yes
46015,Yes
46016,No
46017,No
46018,Yes
46019,No
46020,Yes
46021,Yes
46022,No
46023,Yes
46024,Yes
46025,Yes
46026,Yes
46027,Yes
46028,No
46029,Yes
46030,Yes
46031,Yes
46032,Yes
46033,Yes
46034,Yes
46035,Yes
46036,Yes
46037,Yes
46038,No
46039,Yes
46040,No
46041,Yes
46042,No
46043,No
46044,Yes
46045,Yes
46046,No
46047,No
46048,No
46049,No
46050,No
46051,Yes
46052,No
46053,No
46054,Yes
46055,No
46056,No
46057,Yes
46058,No
46059,No
46060,Yes
46061,No
46062,No
46063,Yes
46064,No
46065,Yes
46066,Yes
46067,No
46068,No
46069,Yes
46070,No
46071,Yes
46072,Yes
46073,Yes
46074,Yes
46075,No
46076,Yes
46077,No
46078,No
46079,No
46080,No
46081,No
46082,Yes
46083,No
46084,No
46085,No
46086,Yes
46087,No
46088,Yes
46089,No
46090,No
46091,Yes
46092,Yes
46093,No
46094,No
46095,No
46096,No
46097,No
46098,Yes
46099,No
46100,Yes
46101,No
46102,No
46103,No
46104,Yes
46105,No
46106,Yes
46107,Yes
46108,No
46109,No
46110,Yes
46111,Yes
46112,No
46113,No
46114,No
46115,Yes
46116,No
46117,Yes
46118,No
46119,No
46120,No
46121,No
46122,No
46123,Yes
46124,No
46125,Yes
46126,No
46127,Yes
46128,No
46129,No
46130,No
46131,No
46132,No
46133,Yes
46134,Yes
46135,No
46136,No
46137,Yes
46138,No
46139,No
46140,Yes
46141,Yes
46142,No
46143,No
46144,No
46145,No
46146,Yes
46147,Yes
46148,No
46149,No
46150,No
46151,Yes
46152,Yes
46153,Yes
46154,Yes
46155,No
46156,Yes
46157,No
46158,No
46159,No
46160,No
46161,Yes
46162,No
46163,No
46164,No
46165,Yes
46166,No
46167,Yes
46168,No
46169,No
46170,Yes
46171,No
46172,Yes
46173,Yes
46174,No
46175,No
46176,Yes
46177,No
46178,No
46179,Yes
46180,No
46181,No
46182,No
46183,Yes
46184,No
46185,No
46186,No
46187,No
46188,No
46189,Yes
46190,Yes
46191,No
46192,No
46193,No
46194,Yes
46195,No
46196,Yes
46197,Yes
46198,Yes
46199,No
46200,Yes
46201,Yes
46202,No
46203,No
46204,Yes
46205,Yes
46206,Yes
46207,No
46208,No
46209,No
46210,Yes
46211,No
46212,No
46213,Yes
46214,No
46215,Yes
46216,Yes
46217,No
46218,Yes
46219,No
46220,Yes
46221,No
46222,Yes
46223,No
46224,Yes
46225,No
46226,Yes
46227,No
46228,Yes
46229,Yes
46230,No
46231,No
46232,No
46233,Yes
46234,No
46235,No
46236,Yes
46237,No
46238,No
46239,No
46240,No
46241,No
46242,Yes
46243,Yes
46244,No
46245,No
46246,No
46247,No
46248,No
46249,Yes
46250,No
46251,Yes
46252,No
46253,No
46254,Yes
46255,No
46256,No
46257,No
46258,Yes
46259,Yes
46260,No
46261,No
46262,Yes
46263,No
46264,Yes
46265,Yes
46266,No
46267,Yes
46268,No
46269,No
46270,No
46271,Yes
46272,No
46273,Yes
46274,No
46275,No
46276,No
46277,Yes
46278,Yes
46279,Yes
46280,No
46281,Yes
46282,No
46283,Yes
46284,Yes
46285,Yes
46286,No
46287,Yes
46288,No
46289,Yes
46290,No
46291,Yes
46292,No
46293,No
46294,No
46295,No
46296,No
46297,Yes
46298,No
46299,No
46300,Yes
46301,No
46302,No
46303,No
46304,No
46305,No
46306,No
46307,Yes
46308,No
46309,Yes
46310,No
46311,Yes
46312,Yes
46313,No
46314,No
46315,No
46316,Yes
46317,Yes
46318,No
46319,No
46320,No
46321,Yes
46322,No
46323,Yes
46324,No
46325,No
46326,No
46327,Yes
46328,No
46329,Yes
46330,Yes
46331,No
46332,Yes
46333,No
46334,No
46335,No
46336,No
46337,No
46338,Yes
46339,No
46340,No
46341,Yes
46342,No
46343,No
46344,No
46345,Yes
46346,Yes
46347,No
46348,No
46349,No
46350,Yes
46351,No
46352,No
46353,Yes
46354,No
46355,No
46356,Yes
46357,No
46358,No
46359,Yes
46360,Yes
46361,No
46362,No
46363,Yes
46364,Yes
46365,Yes
46366,Yes
46367,No
46368,Yes
46369,Yes
46370,No
46371,Yes
46372,Yes
46373,Yes
46374,No
46375,No
46376,No
46377,Yes
46378,No
46379,No
46380,Yes
46381,No
46382,Yes
46383,Yes
46384,Yes
46385,No
46386,Yes
46387,No
46388,Yes
46389,No
46390,Yes
46391,Yes
46392,No
46393,Yes
46394,Yes
46395,No
46396,No
46397,Yes
46398,No
46399,Yes
46400,No
46401,Yes
46402,No
46403,Yes
46404,Yes
46405,Yes
46406,Yes
46407,No
46408,No
46409,Yes
46410,Yes
46411,Yes
46412,Yes
46413,Yes
46414,No
46415,Yes
46416,Yes
46417,Yes
46418,Yes
46419,No
46420,No
46421,No
46422,No
46423,Yes
46424,No
46425,Yes
46426,No
46427,Yes
46428,No
46429,Yes
46430,Yes
46431,No
46432,Yes
46433,No
46434,No
46435,No
46436,Yes
46437,No
46438,No
46439,Yes
46440,No
46441,Yes
46442,No
46443,Yes
46444,Yes
46445,Yes
46446,Yes
46447,Yes
46448,Yes
46449,No
46450,Yes
46451,Yes
46452,No
46453,Yes
46454,No
46455,No
46456,No
46457,Yes
46458,No
46459,Yes
46460,Yes
46461,Yes
46462,Yes
46463,Yes
46464,Yes
46465,No
46466,Yes
46467,No
46468,No
46469,No
46470,Yes
46471,Yes
46472,Yes
46473,No
46474,No
46475,No
46476,No
46477,No
46478,No
46479,No
46480,Yes
46481,Yes
46482,No
46483,Yes
46484,No
46485,No
46486,No
46487,Yes
46488,No
46489,No
46490,No
46491,Yes
46492,No
46493,Yes
46494,Yes
46495,Yes
46496,Yes
46497,Yes
46498,No
46499,Yes
46500,Yes
46501,No
46502,Yes
46503,Yes
46504,Yes
46505,Yes
46506,Yes
46507,No
46508,Yes
46509,No
46510,No
46511,No
46512,No
46513,No
46514,No
46515,Yes
46516,No
46517,No
46518,No
46519,No
46520,No
46521,No
46522,No
46523,Yes
46524,Yes
46525,Yes
46526,No
46527,Yes
46528,No
46529,Yes
46530,Yes
46531,Yes
46532,No
46533,No
46534,Yes
46535,No
46536,No
46537,Yes
46538,No
46539,Yes
46540,Yes
46541,Yes
46542,No
46543,No
46544,Yes
46545,No
46546,Yes
46547,No
46548,No
46549,Yes
46550,Yes
46551,No
46552,Yes
46553,Yes
46554,No
46555,No
46556,Yes
46557,Yes
46558,Yes
46559,No
46560,No
46561,No
46562,No
46563,No
46564,No
46565,No
46566,Yes
46567,Yes
46568,Yes
46569,No
46570,No
46571,Yes
46572,Yes
46573,No
46574,No
46575,No
46576,No
46577,No
46578,Yes
46579,Yes
46580,Yes
46581,Yes
46582,No
46583,No
46584,No
46585,No
46586,No
46587,Yes
46588,Yes
46589,Yes
46590,No
46591,Yes
46592,Yes
46593,No
46594,No
46595,No
46596,No
46597,Yes
46598,Yes
46599,No
46600,Yes
46601,No
46602,No
46603,Yes
46604,No
46605,No
46606,No
46607,Yes
46608,Yes
46609,Yes
46610,No
46611,No
46612,Yes
46613,Yes
46614,No
46615,No
46616,Yes
46617,No
46618,No
46619,No
46620,Yes
46621,No
46622,No
46623,No
46624,No
46625,Yes
46626,Yes
46627,Yes
46628,No
46629,No
46630,No
46631,Yes
46632,Yes
46633,Yes
46634,No
46635,Yes
46636,No
46637,Yes
46638,Yes
46639,Yes
46640,Yes
46641,Yes
46642,No
46643,No
46644,No
46645,Yes
46646,No
46647,Yes
46648,No
46649,No
46650,Yes
46651,No
46652,No
46653,Yes
46654,No
46655,No
46656,Yes
46657,No
46658,Yes
46659,No
46660,No
46661,Yes
46662,No
46663,No
46664,No
46665,No
46666,No
46667,Yes
46668,No
46669,No
46670,No
46671,Yes
46672,Yes
46673,No
46674,Yes
46675,No
46676,Yes
46677,Yes
46678,Yes
46679,No
46680,No
46681,Yes
46682,No
46683,No
46684,Yes
46685,Yes
46686,Yes
46687,Yes
46688,No
46689,Yes
46690,No
46691,Yes
46692,Yes
46693,Yes
46694,No
46695,Yes
46696,Yes
46697,Yes
46698,Yes
46699,No
46700,Yes
46701,Yes
46702,Yes
46703,No
46704,No
46705,No
46706,Yes
46707,Yes
46708,Yes
46709,No
46710,Yes
46711,No
46712,No
46713,No
46714,Yes
46715,Yes
46716,No
46717,Yes
46718,No
46719,Yes
46720,Yes
46721,No
46722,Yes
46723,No
46724,Yes
46725,Yes
46726,No
46727,No
46728,Yes
46729,Yes
46730,No
46731,Yes
46732,No
46733,No
46734,No
46735,No
46736,No
46737,Yes
46738,No
46739,No
46740,Yes
46741,Yes
46742,Yes
46743,Yes
46744,No
46745,No
46746,No
46747,No
46748,No
46749,Yes
46750,Yes
46751,Yes
46752,Yes
46753,No
46754,Yes
46755,No
46756,Yes
46757,Yes
46758,Yes
46759,Yes
46760,No
46761,No
46762,No
46763,Yes
46764,No
46765,No
46766,Yes
46767,Yes
46768,No
46769,Yes
46770,Yes
46771,No
46772,No
46773,Yes
46774,Yes
46775,No
46776,Yes
46777,No
46778,No
46779,Yes
46780,No
46781,No
46782,No
46783,No
46784,No
46785,Yes
46786,No
46787,Yes
46788,No
46789,No
46790,No
46791,No
46792,No
46793,Yes
46794,No
46795,Yes
46796,No
46797,Yes
46798,No
46799,No
46800,No
46801,No
46802,No
46803,Yes
46804,Yes
46805,Yes
46806,No
46807,No
46808,Yes
46809,Yes
46810,No
46811,No
46812,Yes
46813,Yes
46814,Yes
46815,Yes
46816,No
46817,Yes
46818,No
46819,No
46820,Yes
46821,Yes
46822,Yes
46823,No
46824,No
46825,Yes
46826,No
46827,No
46828,Yes
46829,Yes
46830,No
46831,No
46832,No
46833,No
46834,No
46835,No
46836,Yes
46837,Yes
46838,Yes
46839,No
46840,No
46841,Yes
46842,No
46843,Yes
46844,No
46845,Yes
46846,Yes
46847,No
46848,Yes
46849,Yes
46850,No
46851,No
46852,Yes
46853,Yes
46854,No
46855,No
46856,Yes
46857,Yes
46858,No
46859,Yes
46860,No
46861,No
46862,No
46863,No
46864,No
46865,Yes
46866,No
46867,No
46868,No
46869,No
46870,Yes
46871,No
46872,Yes
46873,Yes
46874,Yes
46875,Yes
46876,Yes
46877,No
46878,Yes
46879,Yes
46880,Yes
46881,No
46882,No
46883,Yes
46884,No
46885,Yes
46886,Yes
46887,No
46888,Yes
46889,No
46890,No
46891,Yes
46892,Yes
46893,Yes
46894,No
46895,Yes
46896,Yes
46897,No
46898,Yes
46899,Yes
46900,No
46901,No
46902,Yes
46903,Yes
46904,Yes
46905,No
46906,Yes
46907,Yes
46908,No
46909,Yes
46910,Yes
46911,Yes
46912,No
46913,Yes
46914,Yes
46915,No
46916,No
46917,No
46918,No
46919,No
46920,No
46921,No
46922,Yes
46923,No
46924,No
46925,No
46926,No
46927,Yes
46928,No
46929,No
46930,Yes
46931,No
46932,Yes
46933,No
46934,Yes
46935,No
46936,Yes
46937,No
46938,Yes
46939,No
46940,No
46941,No
46942,No
46943,Yes
46944,Yes
46945,Yes
46946,Yes
46947,Yes
46948,Yes
46949,Yes
46950,Yes
46951,Yes
46952,No
46953,No
46954,No
46955,Yes
46956,No
46957,No
46958,Yes
46959,No
46960,Yes
46961,Yes
46962,Yes
46963,No
46964,No
46965,No
46966,Yes
46967,No
46968,Yes
46969,No
46970,Yes
46971,No
46972,Yes
46973,No
46974,Yes
46975,Yes
46976,No
46977,No
46978,Yes
46979,No
46980,No
46981,No
46982,Yes
46983,Yes
46984,No
46985,Yes
46986,Yes
46987,Yes
46988,Yes
46989,Yes
46990,No
46991,No
46992,No
46993,Yes
46994,No
46995,No
46996,Yes
46997,No
46998,Yes
46999,No
47000,Yes
47001,No
47002,No
47003,Yes
47004,Yes
47005,Yes
47006,No
47007,No
47008,No
47009,No
47010,Yes
47011,Yes
47012,Yes
47013,Yes
47014,No
47015,Yes
47016,No
47017,Yes
47018,No
47019,No
47020,Yes
47021,Yes
47022,Yes
47023,Yes
47024,No
47025,Yes
47026,No
47027,No
47028,Yes
47029,Yes
47030,No
47031,Yes
47032,No
47033,No
47034,Yes
47035,Yes
47036,No
47037,No
47038,No
47039,No
47040,No
47041,Yes
47042,Yes
47043,No
47044,No
47045,Yes
47046,No
47047,No
47048,Yes
47049,Yes
47050,Yes
47051,Yes
47052,Yes
47053,No
47054,No
47055,No
47056,Yes
47057,Yes
47058,No
47059,No
47060,Yes
47061,No
47062,Yes
47063,Yes
47064,No
47065,No
47066,No
47067,No
47068,No
47069,No
47070,Yes
47071,No
47072,No
47073,Yes
47074,Yes
47075,Yes
47076,Yes
47077,Yes
47078,No
47079,Yes
47080,Yes
47081,No
47082,No
47083,No
47084,No
47085,No
47086,Yes
47087,No
47088,No
47089,No
47090,No
47091,Yes
47092,Yes
47093,No
47094,No
47095,No
47096,Yes
47097,Yes
47098,No
47099,No
47100,No
47101,No
47102,No
47103,Yes
47104,No
47105,Yes
47106,Yes
47107,Yes
47108,Yes
47109,Yes
47110,Yes
47111,No
47112,No
47113,Yes
47114,No
47115,Yes
47116,Yes
47117,No
47118,Yes
47119,No
47120,No
47121,Yes
47122,No
47123,No
47124,No
47125,No
47126,Yes
47127,Yes
47128,No
47129,No
47130,Yes
47131,Yes
47132,Yes
47133,Yes
47134,No
47135,No
47136,No
47137,Yes
47138,No
47139,Yes
47140,No
47141,No
47142,No
47143,Yes
47144,No
47145,Yes
47146,No
47147,No
47148,No
47149,No
47150,No
47151,No
47152,Yes
47153,No
47154,Yes
47155,Yes
47156,Yes
47157,No
47158,No
47159,No
47160,No
47161,No
47162,Yes
47163,No
47164,Yes
47165,No
47166,No
47167,No
47168,No
47169,Yes
47170,Yes
47171,No
47172,No
47173,No
47174,Yes
47175,Yes
47176,No
47177,No
47178,No
47179,No
47180,No
47181,Yes
47182,Yes
47183,Yes
47184,No
47185,Yes
47186,Yes
47187,Yes
47188,Yes
47189,Yes
47190,No
47191,Yes
47192,No
47193,Yes
47194,Yes
47195,No
47196,Yes
47197,No
47198,No
47199,No
47200,No
47201,No
47202,Yes
47203,Yes
47204,Yes
47205,No
47206,Yes
47207,Yes
47208,No
47209,No
47210,Yes
47211,No
47212,Yes
47213,No
47214,No
47215,Yes
47216,Yes
47217,No
47218,No
47219,No
47220,No
47221,Yes
47222,No
47223,No
47224,Yes
47225,Yes
47226,No
47227,Yes
47228,No
47229,No
47230,No
47231,No
47232,Yes
47233,Yes
47234,Yes
47235,No
47236,No
47237,No
47238,No
47239,Yes
47240,No
47241,Yes
47242,No
47243,Yes
47244,No
47245,Yes
47246,Yes
47247,Yes
47248,No
47249,Yes
47250,Yes
47251,Yes
47252,Yes
47253,Yes
47254,Yes
47255,No
47256,No
47257,Yes
47258,No
47259,Yes
47260,No
47261,Yes
47262,Yes
47263,No
47264,Yes
47265,Yes
47266,Yes
47267,Yes
47268,No
47269,No
47270,Yes
47271,No
47272,Yes
47273,No
47274,No
47275,Yes
47276,Yes
47277,No
47278,Yes
47279,Yes
47280,Yes
47281,No
47282,Yes
47283,Yes
47284,No
47285,No
47286,Yes
47287,No
47288,Yes
47289,No
47290,No
47291,No
47292,No
47293,Yes
47294,No
47295,Yes
47296,No
47297,Yes
47298,Yes
47299,Yes
47300,Yes
47301,No
47302,No
47303,Yes
47304,No
47305,No
47306,No
47307,Yes
47308,Yes
47309,Yes
47310,Yes
47311,Yes
47312,Yes
47313,No
47314,No
47315,No
47316,Yes
47317,No
47318,Yes
47319,Yes
47320,Yes
47321,Yes
47322,Yes
47323,Yes
47324,No
47325,Yes
47326,Yes
47327,Yes
47328,No
47329,No
47330,No
47331,No
47332,Yes
47333,Yes
47334,No
47335,No
47336,Yes
47337,No
47338,No
47339,Yes
47340,No
47341,No
47342,Yes
47343,Yes
47344,Yes
47345,No
47346,Yes
47347,No
47348,No
47349,Yes
47350,No
47351,No
47352,No
47353,Yes
47354,No
47355,Yes
47356,No
47357,Yes
47358,No
47359,No
47360,Yes
47361,Yes
47362,Yes
47363,No
47364,No
47365,Yes
47366,No
47367,No
47368,No
47369,No
47370,No
47371,Yes
47372,Yes
47373,No
47374,Yes
47375,No
47376,No
47377,No
47378,No
47379,Yes
47380,Yes
47381,Yes
47382,No
47383,No
47384,No
47385,Yes
47386,Yes
47387,No
47388,No
47389,Yes
47390,No
47391,Yes
47392,No
47393,No
47394,Yes
47395,No
47396,Yes
47397,No
47398,No
47399,No
47400,Yes
47401,Yes
47402,No
47403,Yes
47404,No
47405,Yes
47406,No
47407,No
47408,No
47409,No
47410,No
47411,Yes
47412,No
47413,No
47414,Yes
47415,No
47416,Yes
47417,No
47418,Yes
47419,Yes
47420,No
47421,No
47422,No
47423,No
47424,Yes
47425,No
47426,Yes
47427,No
47428,Yes
47429,Yes
47430,No
47431,No
47432,Yes
47433,Yes
47434,Yes
47435,Yes
47436,No
47437,No
47438,Yes
47439,Yes
47440,Yes
47441,No
47442,Yes
47443,Yes
47444,No
47445,No
47446,No
47447,No
47448,Yes
47449,Yes
47450,No
47451,No
47452,No
47453,No
47454,No
47455,Yes
47456,No
47457,No
47458,No
47459,No
47460,Yes
47461,No
47462,No
47463,Yes
47464,Yes
47465,Yes
47466,Yes
47467,Yes
47468,Yes
47469,Yes
47470,No
47471,No
47472,Yes
47473,No
47474,Yes
47475,No
47476,No
47477,No
47478,No
47479,No
47480,No
47481,Yes
47482,No
47483,No
47484,Yes
47485,No
47486,Yes
47487,No
47488,No
47489,Yes
47490,No
47491,Yes
47492,Yes
47493,No
47494,Yes
47495,No
47496,No
47497,No
47498,Yes
47499,Yes
47500,Yes
47501,Yes
47502,Yes
47503,Yes
47504,Yes
47505,No
47506,Yes
47507,No
47508,Yes
47509,Yes
47510,No
47511,No
47512,No
47513,Yes
47514,No
47515,No
47516,No
47517,Yes
47518,No
47519,Yes
47520,No
47521,No
47522,Yes
47523,No
47524,Yes
47525,No
47526,Yes
47527,No
47528,Yes
47529,Yes
47530,Yes
47531,Yes
47532,Yes
47533,Yes
47534,No
47535,No
47536,Yes
47537,Yes
47538,No
47539,No
47540,No
47541,Yes
47542,Yes
47543,Yes
47544,Yes
47545,No
47546,Yes
47547,Yes
47548,No
47549,Yes
47550,Yes
47551,No
47552,Yes
47553,No
47554,No
47555,No
47556,No
47557,No
47558,No
47559,Yes
47560,Yes
47561,No
47562,Yes
47563,No
47564,Yes
47565,Yes
47566,No
47567,Yes
47568,Yes
47569,Yes
47570,No
47571,No
47572,No
47573,Yes
47574,No
47575,Yes
47576,Yes
47577,No
47578,Yes
47579,No
47580,No
47581,No
47582,Yes
47583,No
47584,No
47585,No
47586,No
47587,Yes
47588,Yes
47589,No
47590,Yes
47591,Yes
47592,No
47593,No
47594,No
47595,No
47596,No
47597,Yes
47598,No
47599,Yes
47600,Yes
47601,No
47602,No
47603,No
47604,Yes
47605,Yes
47606,Yes
47607,Yes
47608,No
47609,No
47610,No
47611,Yes
47612,No
47613,No
47614,No
47615,Yes
47616,No
47617,No
47618,Yes
47619,No
47620,Yes
47621,No
47622,No
47623,No
47624,No
47625,Yes
47626,No
47627,No
47628,Yes
47629,No
47630,Yes
47631,No
47632,Yes
47633,No
47634,No
47635,No
47636,Yes
47637,No
47638,No
47639,No
47640,Yes
47641,No
47642,Yes
47643,No
47644,Yes
47645,Yes
47646,Yes
47647,No
47648,No
47649,Yes
47650,No
47651,No
47652,No
47653,No
47654,Yes
47655,Yes
47656,No
47657,Yes
47658,No
47659,No
47660,No
47661,No
47662,Yes
47663,Yes
47664,Yes
47665,Yes
47666,Yes
47667,Yes
47668,Yes
47669,Yes
47670,No
47671,No
47672,No
47673,Yes
47674,Yes
47675,No
47676,No
47677,Yes
47678,No
47679,No
47680,Yes
47681,No
47682,Yes
47683,Yes
47684,Yes
47685,No
47686,Yes
47687,No
47688,No
47689,No
47690,Yes
47691,Yes
47692,Yes
47693,No
47694,No
47695,No
47696,Yes
47697,No
47698,Yes
47699,Yes
47700,Yes
47701,Yes
47702,No
47703,Yes
47704,No
47705,No
47706,Yes
47707,No
47708,No
47709,Yes
47710,No
47711,Yes
47712,No
47713,No
47714,Yes
47715,No
47716,Yes
47717,No
47718,Yes
47719,Yes
47720,Yes
47721,Yes
47722,Yes
47723,No
47724,No
47725,Yes
47726,Yes
47727,Yes
47728,No
47729,Yes
47730,Yes
47731,No
47732,No
47733,No
47734,Yes
47735,No
47736,Yes
47737,Yes
47738,Yes
47739,Yes
47740,No
47741,No
47742,Yes
47743,Yes
47744,Yes
47745,Yes
47746,Yes
47747,No
47748,Yes
47749,No
47750,No
47751,Yes
47752,No
47753,No
47754,Yes
47755,No
47756,No
47757,Yes
47758,No
47759,No
47760,Yes
47761,No
47762,No
47763,Yes
47764,No
47765,No
47766,Yes
47767,Yes
47768,Yes
47769,Yes
47770,No
47771,Yes
47772,No
47773,No
47774,Yes
47775,Yes
47776,Yes
47777,Yes
47778,No
47779,Yes
47780,Yes
47781,Yes
47782,Yes
47783,Yes
47784,No
47785,Yes
47786,No
47787,Yes
47788,Yes
47789,No
47790,Yes
47791,No
47792,No
47793,Yes
47794,Yes
47795,No
47796,Yes
47797,Yes
47798,Yes
47799,Yes
47800,No
47801,No
47802,No
47803,No
47804,Yes
47805,Yes
47806,No
47807,Yes
47808,No
47809,Yes
47810,Yes
47811,No
47812,Yes
47813,No
47814,No
47815,Yes
47816,No
47817,Yes
47818,Yes
47819,No
47820,No
47821,Yes
47822,Yes
47823,No
47824,Yes
47825,Yes
47826,No
47827,Yes
47828,No
47829,No
47830,No
47831,Yes
47832,Yes
47833,Yes
47834,No
47835,No
47836,No
47837,Yes
47838,Yes
47839,Yes
47840,No
47841,Yes
47842,No
47843,No
47844,Yes
47845,No
47846,No
47847,No
47848,Yes
47849,Yes
47850,No
47851,No
47852,No
47853,Yes
47854,Yes
47855,No
47856,No
47857,No
47858,No
47859,No
47860,Yes
47861,No
47862,Yes
47863,Yes
47864,No
47865,No
47866,No
47867,Yes
47868,Yes
47869,Yes
47870,No
47871,No
47872,No
47873,Yes
47874,No
47875,No
47876,Yes
47877,Yes
47878,No
47879,No
47880,No
47881,No
47882,No
47883,Yes
47884,Yes
47885,Yes
47886,Yes
47887,No
47888,No
47889,No
47890,Yes
47891,No
47892,Yes
47893,Yes
47894,No
47895,Yes
47896,Yes
47897,Yes
47898,Yes
47899,Yes
47900,No
47901,Yes
47902,Yes
47903,Yes
47904,No
47905,Yes
47906,No
47907,No
47908,Yes
47909,Yes
47910,No
47911,No
47912,No
47913,No
47914,Yes
47915,No
47916,No
47917,No
47918,Yes
47919,No
47920,Yes
47921,No
47922,Yes
47923,Yes
47924,Yes
47925,Yes
47926,Yes
47927,No
47928,No
47929,Yes
47930,Yes
47931,Yes
47932,Yes
47933,No
47934,Yes
47935,Yes
47936,No
47937,No
47938,No
47939,Yes
47940,No
47941,No
47942,Yes
47943,No
47944,No
47945,Yes
47946,No
47947,Yes
47948,Yes
47949,Yes
47950,Yes
47951,Yes
47952,No
47953,No
47954,No
47955,Yes
47956,No
47957,Yes
47958,No
47959,No
47960,No
47961,No
47962,No
47963,No
47964,No
47965,No
47966,Yes
47967,No
47968,No
47969,Yes
47970,No
47971,No
47972,No
47973,No
47974,No
47975,No
47976,No
47977,No
47978,No
47979,No
47980,No
47981,No
47982,No
47983,No
47984,No
47985,No
47986,No
47987,Yes
47988,Yes
47989,Yes
47990,Yes
47991,Yes
47992,Yes
47993,No
47994,Yes
47995,No
47996,Yes
47997,No
47998,Yes
47999,No
48000,No
48001,No
48002,Yes
48003,Yes
48004,Yes
48005,No
48006,No
48007,No
48008,Yes
48009,Yes
48010,Yes
48011,No
48012,Yes
48013,No
48014,Yes
48015,No
48016,No
48017,No
48018,No
48019,Yes
48020,Yes
48021,No
48022,No
48023,Yes
48024,Yes
48025,No
48026,Yes
48027,No
48028,No
48029,Yes
48030,Yes
48031,No
48032,Yes
48033,No
48034,Yes
48035,No
48036,No
48037,Yes
48038,No
48039,Yes
48040,No
48041,No
48042,Yes
48043,No
48044,Yes
48045,No
48046,No
48047,No
48048,No
48049,Yes
48050,Yes
48051,No
48052,Yes
48053,Yes
48054,Yes
48055,No
48056,Yes
48057,No
48058,Yes
48059,Yes
48060,No
48061,Yes
48062,No
48063,No
48064,No
48065,Yes
48066,No
48067,Yes
48068,Yes
48069,No
48070,No
48071,No
48072,No
48073,Yes
48074,Yes
48075,Yes
48076,No
48077,Yes
48078,No
48079,No
48080,Yes
48081,No
48082,Yes
48083,Yes
48084,No
48085,No
48086,Yes
48087,Yes
48088,No
48089,Yes
48090,Yes
48091,No
48092,No
48093,No
48094,Yes
48095,No
48096,Yes
48097,No
48098,Yes
48099,No
48100,No
48101,No
48102,No
48103,Yes
48104,Yes
48105,Yes
48106,No
48107,No
48108,No
48109,No
48110,Yes
48111,Yes
48112,No
48113,No
48114,No
48115,No
48116,No
48117,Yes
48118,No
48119,No
48120,Yes
48121,No
48122,Yes
48123,Yes
48124,Yes
48125,No
48126,Yes
48127,No
48128,No
48129,Yes
48130,Yes
48131,Yes
48132,No
48133,Yes
48134,No
48135,No
48136,No
48137,Yes
48138,No
48139,Yes
48140,No
48141,No
48142,Yes
48143,No
48144,No
48145,Yes
48146,No
48147,No
48148,No
48149,No
48150,No
48151,Yes
48152,Yes
48153,Yes
48154,No
48155,No
48156,No
48157,Yes
48158,Yes
48159,No
48160,Yes
48161,No
48162,Yes
48163,No
48164,No
48165,Yes
48166,Yes
48167,No
48168,No
48169,Yes
48170,No
48171,No
48172,No
48173,No
48174,No
48175,Yes
48176,No
48177,No
48178,No
48179,No
48180,No
48181,No
48182,Yes
48183,No
48184,No
48185,No
48186,Yes
48187,Yes
48188,No
48189,No
48190,No
48191,No
48192,Yes
48193,No
48194,No
48195,No
48196,Yes
48197,Yes
48198,Yes
48199,Yes
48200,Yes
48201,Yes
48202,No
48203,No
48204,Yes
48205,No
48206,Yes
48207,No
48208,No
48209,Yes
48210,Yes
48211,Yes
48212,No
48213,No
48214,No
48215,No
48216,Yes
48217,No
48218,No
48219,Yes
48220,No
48221,No
48222,No
48223,No
48224,Yes
48225,No
48226,Yes
48227,No
48228,Yes
48229,Yes
48230,Yes
48231,Yes
48232,No
48233,No
48234,No
48235,Yes
48236,Yes
48237,No
48238,No
48239,No
48240,Yes
48241,No
48242,Yes
48243,Yes
48244,No
48245,Yes
48246,Yes
48247,No
48248,Yes
48249,Yes
48250,Yes
48251,No
48252,No
48253,No
48254,No
48255,Yes
48256,Yes
48257,Yes
48258,Yes
48259,No
48260,Yes
48261,No
48262,Yes
48263,No
48264,No
48265,Yes
48266,Yes
48267,Yes
48268,Yes
48269,Yes
48270,Yes
48271,Yes
48272,No
48273,Yes
48274,Yes
48275,No
48276,Yes
48277,Yes
48278,No
48279,No
48280,No
48281,Yes
48282,No
48283,Yes
48284,No
48285,Yes
48286,No
48287,Yes
48288,No
48289,Yes
48290,No
48291,Yes
48292,No
48293,No
48294,No
48295,Yes
48296,Yes
48297,Yes
48298,Yes
48299,No
48300,No
48301,No
48302,No
48303,No
48304,No
48305,No
48306,Yes
48307,Yes
48308,Yes
48309,No
48310,No
48311,No
48312,No
48313,Yes
48314,No
48315,Yes
48316,No
48317,Yes
48318,No
48319,Yes
48320,No
48321,No
48322,No
48323,No
48324,Yes
48325,Yes
48326,Yes
48327,Yes
48328,No
48329,No
48330,No
48331,Yes
48332,Yes
48333,Yes
48334,Yes
48335,No
48336,No
48337,Yes
48338,No
48339,Yes
48340,Yes
48341,No
48342,No
48343,Yes
48344,Yes
48345,Yes
48346,Yes
48347,No
48348,Yes
48349,No
48350,Yes
48351,No
48352,No
48353,No
48354,No
48355,Yes
48356,No
48357,No
48358,No
48359,No
48360,Yes
48361,No
48362,Yes
48363,Yes
48364,No
48365,No
48366,Yes
48367,No
48368,No
48369,No
48370,No
48371,Yes
48372,No
48373,No
48374,No
48375,No
48376,Yes
48377,Yes
48378,No
48379,Yes
48380,Yes
48381,No
48382,Yes
48383,Yes
48384,No
48385,No
48386,No
48387,Yes
48388,Yes
48389,No
48390,Yes
48391,No
48392,No
48393,Yes
48394,No
48395,No
48396,Yes
48397,Yes
48398,No
48399,No
48400,Yes
48401,Yes
48402,Yes
48403,Yes
48404,Yes
48405,Yes
48406,No
48407,Yes
48408,Yes
48409,Yes
48410,Yes
48411,No
48412,No
48413,Yes
48414,No
48415,No
48416,No
48417,Yes
48418,No
48419,Yes
48420,No
48421,Yes
48422,No
48423,Yes
48424,Yes
48425,No
48426,Yes
48427,No
48428,Yes
48429,Yes
48430,No
48431,No
48432,Yes
48433,No
48434,Yes
48435,Yes
48436,Yes
48437,No
48438,No
48439,Yes
48440,No
48441,No
48442,No
48443,No
48444,Yes
48445,Yes
48446,No
48447,No
48448,No
48449,No
48450,No
48451,No
48452,Yes
48453,Yes
48454,No
48455,No
48456,Yes
48457,Yes
48458,No
48459,No
48460,No
48461,No
48462,No
48463,No
48464,No
48465,Yes
48466,No
48467,Yes
48468,Yes
48469,Yes
48470,No
48471,Yes
48472,No
48473,No
48474,Yes
48475,No
48476,Yes
48477,No
48478,Yes
48479,Yes
48480,No
48481,No
48482,No
48483,No
48484,Yes
48485,No
48486,No
48487,Yes
48488,No
48489,No
48490,Yes
48491,No
48492,No
48493,No
48494,No
48495,Yes
48496,No
48497,Yes
48498,Yes
48499,No
48500,No
48501,No
48502,No
48503,No
48504,No
48505,No
48506,No
48507,No
48508,No
48509,Yes
48510,No
48511,Yes
48512,No
48513,No
48514,No
48515,Yes
48516,Yes
48517,Yes
48518,Yes
48519,No
48520,Yes
48521,No
48522,Yes
48523,No
48524,No
48525,No
48526,No
48527,No
48528,No
48529,No
48530,Yes
48531,Yes
48532,No
48533,No
48534,No
48535,Yes
48536,No
48537,No
48538,Yes
48539,Yes
48540,No
48541,No
48542,Yes
48543,No
48544,Yes
48545,Yes
48546,No
48547,Yes
48548,No
48549,No
48550,Yes
48551,No
48552,Yes
48553,No
48554,No
48555,No
48556,Yes
48557,No
48558,No
48559,No
48560,Yes
48561,No
48562,Yes
48563,No
48564,Yes
48565,No
48566,No
48567,No
48568,No
48569,No
48570,Yes
48571,No
48572,No
48573,No
48574,No
48575,Yes
48576,Yes
48577,No
48578,No
48579,No
48580,No
48581,No
48582,Yes
48583,No
48584,No
48585,No
48586,Yes
48587,Yes
48588,Yes
48589,Yes
48590,Yes
48591,Yes
48592,No
48593,Yes
48594,No
48595,Yes
48596,Yes
48597,No
48598,Yes
48599,No
48600,No
48601,No
48602,No
48603,No
48604,Yes
48605,Yes
48606,Yes
48607,No
48608,Yes
48609,Yes
48610,No
48611,No
48612,No
48613,No
48614,Yes
48615,No
48616,No
48617,Yes
48618,No
48619,No
48620,No
48621,No
48622,No
48623,Yes
48624,No
48625,Yes
48626,Yes
48627,Yes
48628,No
48629,Yes
48630,No
48631,No
48632,No
48633,No
48634,No
48635,No
48636,No
48637,No
48638,No
48639,No
48640,Yes
48641,No
48642,No
48643,Yes
48644,Yes
48645,No
48646,No
48647,No
48648,No
48649,Yes
48650,No
48651,No
48652,Yes
48653,No
48654,Yes
48655,Yes
48656,No
48657,Yes
48658,No
48659,Yes
48660,Yes
48661,Yes
48662,No
48663,No
48664,No
48665,Yes
48666,No
48667,No
48668,Yes
48669,No
48670,No
48671,Yes
48672,Yes
48673,Yes
48674,Yes
48675,No
48676,No
48677,Yes
48678,No
48679,No
48680,No
48681,No
48682,No
48683,No
48684,Yes
48685,Yes
48686,Yes
48687,No
48688,No
48689,No
48690,No
48691,Yes
48692,No
48693,No
48694,Yes
48695,No
48696,No
48697,Yes
48698,No
48699,No
48700,No
48701,No
48702,Yes
48703,No
48704,Yes
48705,Yes
48706,No
48707,No
48708,Yes
48709,Yes
48710,No
48711,No
48712,Yes
48713,Yes
48714,No
48715,Yes
48716,Yes
48717,No
48718,No
48719,Yes
48720,Yes
48721,Yes
48722,No
48723,No
48724,No
48725,No
48726,No
48727,Yes
48728,Yes
48729,Yes
48730,Yes
48731,Yes
48732,No
48733,Yes
48734,Yes
48735,No
48736,Yes
48737,Yes
48738,No
48739,No
48740,No
48741,No
48742,Yes
48743,No
48744,No
48745,Yes
48746,No
48747,Yes
48748,No
48749,No
48750,Yes
48751,No
48752,Yes
48753,No
48754,No
48755,No
48756,Yes
48757,No
48758,Yes
48759,No
48760,Yes
48761,Yes
48762,Yes
48763,No
48764,No
48765,Yes
48766,No
48767,No
48768,No
48769,Yes
48770,No
48771,No
48772,Yes
48773,Yes
48774,Yes
48775,Yes
48776,Yes
48777,No
48778,No
48779,Yes
48780,No
48781,No
48782,Yes
48783,No
48784,Yes
48785,Yes
48786,No
48787,No
48788,Yes
48789,No
48790,Yes
48791,No
48792,No
48793,No
48794,Yes
48795,No
48796,No
48797,Yes
48798,No
48799,Yes
48800,Yes
48801,Yes
48802,No
48803,Yes
48804,Yes
48805,No
48806,No
48807,No
48808,Yes
48809,Yes
48810,No
48811,No
48812,Yes
48813,Yes
48814,No
48815,No
48816,No
48817,Yes
48818,Yes
48819,Yes
48820,Yes
48821,No
48822,No
48823,Yes
48824,No
48825,No
48826,Yes
48827,No
48828,No
48829,Yes
48830,Yes
48831,No
48832,No
48833,Yes
48834,No
48835,No
48836,No
48837,No
48838,No
48839,Yes
48840,Yes
48841,No
48842,No
48843,No
48844,No
48845,No
48846,Yes
48847,No
48848,Yes
48849,Yes
48850,Yes
48851,Yes
48852,No
48853,Yes
48854,Yes
48855,No
48856,No
48857,No
48858,Yes
48859,Yes
48860,Yes
48861,Yes
48862,No
48863,Yes
48864,Yes
48865,No
48866,No
48867,No
48868,Yes
48869,No
48870,Yes
48871,No
48872,Yes
48873,Yes
48874,Yes
48875,No
48876,Yes
48877,Yes
48878,Yes
48879,No
48880,Yes
48881,Yes
48882,Yes
48883,Yes
48884,Yes
48885,No
48886,No
48887,No
48888,No
48889,Yes
48890,Yes
48891,No
48892,Yes
48893,Yes
48894,No
48895,Yes
48896,Yes
48897,Yes
48898,No
48899,Yes
48900,Yes
48901,Yes
48902,Yes
48903,Yes
48904,No
48905,Yes
48906,No
48907,Yes
48908,No
48909,Yes
48910,Yes
48911,No
48912,No
48913,Yes
48914,No
48915,No
48916,Yes
48917,Yes
48918,Yes
48919,No
48920,No
48921,No
48922,No
48923,No
48924,No
48925,No
48926,No
48927,No
48928,No
48929,Yes
48930,Yes
48931,No
48932,No
48933,Yes
48934,Yes
48935,No
48936,No
48937,No
48938,Yes
48939,No
48940,Yes
48941,Yes
48942,Yes
48943,Yes
48944,Yes
48945,No
48946,Yes
48947,Yes
48948,No
48949,Yes
48950,Yes
48951,No
48952,No
48953,Yes
48954,No
48955,Yes
48956,No
48957,No
48958,No
48959,Yes
48960,No
48961,Yes
48962,Yes
48963,No
48964,Yes
48965,No
48966,No
48967,No
48968,No
48969,No
48970,No
48971,Yes
48972,No
48973,No
48974,Yes
48975,Yes
48976,No
48977,No
48978,No
48979,No
48980,No
48981,No
48982,No
48983,Yes
48984,No
48985,Yes
48986,No
48987,Yes
48988,No
48989,Yes
48990,No
48991,Yes
48992,Yes
48993,No
48994,No
48995,No
48996,Yes
48997,Yes
48998,Yes
48999,No
49000,No
49001,No
49002,Yes
49003,No
49004,Yes
49005,No
49006,Yes
49007,Yes
49008,Yes
49009,No
49010,No
49011,Yes
49012,Yes
49013,Yes
49014,No
49015,Yes
49016,Yes
49017,Yes
49018,No
49019,No
49020,Yes
49021,No
49022,Yes
49023,No
49024,No
49025,Yes
49026,Yes
49027,Yes
49028,Yes
49029,Yes
49030,Yes
49031,Yes
49032,No
49033,Yes
49034,No
49035,No
49036,No
49037,Yes
49038,Yes
49039,No
49040,No
49041,Yes
49042,No
49043,No
49044,No
49045,No
49046,Yes
49047,Yes
49048,No
49049,No
49050,Yes
49051,Yes
49052,No
49053,Yes
49054,Yes
49055,No
49056,Yes
49057,No
49058,No
49059,No
49060,No
49061,No
49062,No
49063,No
49064,No
49065,Yes
49066,No
49067,No
49068,Yes
49069,No
49070,Yes
49071,No
49072,No
49073,Yes
49074,No
49075,No
49076,No
49077,No
49078,Yes
49079,No
49080,No
49081,No
49082,Yes
49083,Yes
49084,Yes
49085,Yes
49086,No
49087,Yes
49088,Yes
49089,Yes
49090,Yes
49091,No
49092,Yes
49093,Yes
49094,Yes
49095,Yes
49096,Yes
49097,No
49098,No
49099,Yes
49100,Yes
49101,No
49102,No
49103,Yes
49104,Yes
49105,No
49106,Yes
49107,No
49108,Yes
49109,No
49110,No
49111,No
49112,Yes
49113,Yes
49114,No
49115,No
49116,No
49117,No
49118,No
49119,No
49120,No
49121,Yes
49122,Yes
49123,Yes
49124,No
49125,Yes
49126,Yes
49127,Yes
49128,No
49129,Yes
49130,Yes
49131,No
49132,No
49133,Yes
49134,Yes
49135,Yes
49136,Yes
49137,Yes
49138,No
49139,No
49140,Yes
49141,No
49142,Yes
49143,No
49144,Yes
49145,No
49146,No
49147,No
49148,No
49149,No
49150,Yes
49151,No
49152,No
49153,Yes
49154,No
49155,No
49156,No
49157,No
49158,Yes
49159,No
49160,Yes
49161,Yes
49162,No
49163,No
49164,Yes
49165,No
49166,No
49167,No
49168,No
49169,Yes
49170,No
49171,No
49172,No
49173,Yes
49174,Yes
49175,No
49176,No
49177,Yes
49178,No
49179,No
49180,No
49181,No
49182,No
49183,Yes
49184,No
49185,Yes
49186,No
49187,Yes
49188,Yes
49189,Yes
49190,No
49191,No
49192,No
49193,Yes
49194,Yes
49195,Yes
49196,No
49197,No
49198,No
49199,No
49200,Yes
49201,Yes
49202,No
49203,No
49204,No
49205,Yes
49206,Yes
49207,No
49208,Yes
49209,No
49210,Yes
49211,No
49212,Yes
49213,No
49214,No
49215,Yes
49216,No
49217,Yes
49218,No
49219,No
49220,No
49221,Yes
49222,No
49223,Yes
49224,Yes
49225,Yes
49226,No
49227,No
49228,No
49229,No
49230,Yes
49231,Yes
49232,Yes
49233,No
49234,No
49235,No
49236,No
49237,No
49238,No
49239,No
49240,No
49241,Yes
49242,Yes
49243,No
49244,No
49245,No
49246,Yes
49247,No
49248,Yes
49249,Yes
49250,No
49251,Yes
49252,No
49253,No
49254,No
49255,No
49256,No
49257,Yes
49258,Yes
49259,No
49260,No
49261,No
49262,No
49263,No
49264,Yes
49265,Yes
49266,No
49267,Yes
49268,No
49269,No
49270,No
49271,Yes
49272,No
49273,Yes
49274,No
49275,No
49276,Yes
49277,No
49278,No
49279,No
49280,No
49281,Yes
49282,Yes
49283,Yes
49284,No
49285,Yes
49286,No
49287,No
49288,No
49289,Yes
49290,No
49291,No
49292,Yes
49293,Yes
49294,Yes
49295,No
49296,No
49297,No
49298,Yes
49299,No
49300,Yes
49301,No
49302,No
49303,No
49304,Yes
49305,No
49306,No
49307,No
49308,Yes
49309,No
49310,No
49311,No
49312,No
49313,No
49314,Yes
49315,Yes
49316,Yes
49317,Yes
49318,No
49319,No
49320,No
49321,No
49322,No
49323,Yes
49324,No
49325,No
49326,Yes
49327,No
49328,No
49329,No
49330,No
49331,No
49332,Yes
49333,No
49334,No
49335,No
49336,Yes
49337,No
49338,Yes
49339,No
49340,No
49341,No
49342,No
49343,No
49344,No
49345,No
49346,Yes
49347,Yes
49348,Yes
49349,No
49350,No
49351,Yes
49352,Yes
49353,Yes
49354,Yes
49355,No
49356,Yes
49357,No
49358,No
49359,No
49360,No
49361,No
49362,No
49363,No
49364,No
49365,Yes
49366,No
49367,No
49368,Yes
49369,Yes
49370,No
49371,Yes
49372,No
49373,Yes
49374,Yes
49375,Yes
49376,No
49377,Yes
49378,No
49379,Yes
49380,Yes
49381,Yes
49382,Yes
49383,No
49384,No
49385,Yes
49386,Yes
49387,No
49388,Yes
49389,Yes
49390,Yes
49391,Yes
49392,No
49393,Yes
49394,Yes
49395,Yes
49396,No
49397,No
49398,Yes
49399,Yes
49400,No
49401,Yes
49402,No
49403,Yes
49404,No
49405,No
49406,No
49407,No
49408,No
49409,No
49410,No
49411,No
49412,Yes
49413,No
49414,No
49415,Yes
49416,Yes
49417,No
49418,No
49419,No
49420,Yes
49421,No
49422,Yes
49423,Yes
49424,No
49425,Yes
49426,Yes
49427,Yes
49428,No
49429,No
49430,No
49431,No
49432,No
49433,No
49434,No
49435,Yes
49436,Yes
49437,No
49438,No
49439,No
49440,No
49441,No
49442,No
49443,No
49444,Yes
49445,Yes
49446,No
49447,No
49448,No
49449,No
49450,No
49451,No
49452,No
49453,Yes
49454,No
49455,No
49456,Yes
49457,No
49458,No
49459,No
49460,No
49461,No
49462,No
49463,No
49464,No
49465,No
49466,Yes
49467,Yes
49468,Yes
49469,Yes
49470,Yes
49471,No
49472,Yes
49473,Yes
49474,No
49475,No
49476,No
49477,No
49478,Yes
49479,Yes
49480,No
49481,Yes
49482,No
49483,Yes
49484,No
49485,Yes
49486,No
49487,Yes
49488,Yes
49489,No
49490,No
49491,Yes
49492,Yes
49493,Yes
49494,No
49495,Yes
49496,No
49497,No
49498,No
49499,Yes
49500,No
49501,No
49502,No
49503,No
49504,No
49505,Yes
49506,Yes
49507,Yes
49508,Yes
49509,No
49510,No
49511,No
49512,No
49513,No
49514,Yes
49515,Yes
49516,Yes
49517,Yes
49518,No
49519,No
49520,Yes
49521,Yes
49522,No
49523,Yes
49524,Yes
49525,No
49526,No
49527,Yes
49528,No
49529,No
49530,Yes
49531,No
49532,No
49533,Yes
49534,Yes
49535,No
49536,Yes
49537,Yes
49538,Yes
49539,No
49540,No
49541,Yes
49542,Yes
49543,Yes
49544,Yes
49545,Yes
49546,Yes
49547,Yes
49548,Yes
49549,Yes
49550,No
49551,Yes
49552,Yes
49553,Yes
49554,Yes
49555,No
49556,Yes
49557,Yes
49558,Yes
49559,No
49560,No
49561,No
49562,Yes
49563,Yes
49564,No
49565,No
49566,Yes
49567,Yes
49568,Yes
49569,Yes
49570,No
49571,No
49572,No
49573,Yes
49574,No
49575,Yes
49576,Yes
49577,Yes
49578,No
49579,Yes
49580,No
49581,Yes
49582,Yes
49583,Yes
49584,No
49585,No
49586,No
49587,No
49588,No
49589,Yes
49590,No
49591,No
49592,No
49593,No
49594,Yes
49595,No
49596,No
49597,Yes
49598,No
49599,Yes
49600,No
49601,No
49602,Yes
49603,Yes
49604,No
49605,Yes
49606,Yes
49607,No
49608,Yes
49609,No
49610,No
49611,No
49612,Yes
49613,No
49614,No
49615,Yes
49616,No
49617,No
49618,Yes
49619,No
49620,No
49621,No
49622,No
49623,Yes
49624,No
49625,Yes
49626,No
49627,Yes
49628,No
49629,No
49630,Yes
49631,Yes
49632,Yes
49633,No
49634,Yes
49635,No
49636,No
49637,Yes
49638,No
49639,Yes
49640,Yes
49641,No
49642,Yes
49643,No
49644,No
49645,No
49646,Yes
49647,No
49648,Yes
49649,No
49650,No
49651,No
49652,No
49653,Yes
49654,Yes
49655,Yes
49656,No
49657,No
49658,Yes
49659,Yes
49660,No
49661,Yes
49662,Yes
49663,No
49664,No
49665,No
49666,Yes
49667,Yes
49668,No
49669,No
49670,No
49671,Yes
49672,Yes
49673,Yes
49674,Yes
49675,No
49676,Yes
49677,No
49678,Yes
49679,No
49680,No
49681,No
49682,Yes
49683,No
49684,No
49685,Yes
49686,No
49687,Yes
49688,No
49689,No
49690,No
49691,Yes
49692,No
49693,No
49694,No
49695,No
49696,Yes
49697,Yes
49698,No
49699,No
49700,Yes
49701,No
49702,Yes
49703,Yes
49704,No
49705,No
49706,Yes
49707,Yes
49708,Yes
49709,Yes
49710,Yes
49711,Yes
49712,No
49713,Yes
49714,No
49715,No
49716,Yes
49717,No
49718,Yes
49719,Yes
49720,No
49721,Yes
49722,No
49723,Yes
49724,No
49725,No
49726,Yes
49727,No
49728,Yes
49729,No
49730,No
49731,Yes
49732,Yes
49733,No
49734,Yes
49735,No
49736,Yes
49737,No
49738,Yes
49739,No
49740,No
49741,Yes
49742,Yes
49743,No
49744,Yes
49745,Yes
49746,No
49747,Yes
49748,No
49749,Yes
49750,No
49751,No
49752,No
49753,No
49754,No
49755,No
49756,No
49757,No
49758,No
49759,No
49760,Yes
49761,Yes
49762,Yes
49763,No
49764,Yes
49765,No
49766,No
49767,No
49768,No
49769,No
49770,Yes
49771,No
49772,No
49773,No
49774,Yes
49775,Yes
49776,Yes
49777,Yes
49778,No
49779,No
49780,Yes
49781,No
49782,Yes
49783,Yes
49784,Yes
49785,Yes
49786,No
49787,No
49788,No
49789,No
49790,Yes
49791,Yes
49792,No
49793,Yes
49794,No
49795,Yes
49796,No
49797,Yes
49798,Yes
49799,Yes
49800,Yes
49801,No
49802,Yes
49803,No
49804,Yes
49805,Yes
49806,No
49807,Yes
49808,No
49809,Yes
49810,No
49811,No
49812,No
49813,Yes
49814,Yes
49815,No
49816,No
49817,No
49818,Yes
49819,Yes
49820,No
49821,Yes
49822,No
49823,No
49824,Yes
49825,No
49826,Yes
49827,No
49828,Yes
49829,No
49830,Yes
49831,Yes
49832,Yes
49833,No
49834,Yes
49835,Yes
49836,Yes
49837,Yes
49838,No
49839,No
49840,Yes
49841,Yes
49842,Yes
49843,Yes
49844,Yes
49845,Yes
49846,Yes
49847,Yes
49848,No
49849,Yes
49850,No
49851,Yes
49852,Yes
49853,No
49854,No
49855,No
49856,Yes
49857,Yes
49858,Yes
49859,No
49860,No
49861,Yes
49862,No
49863,Yes
49864,Yes
49865,Yes
49866,No
49867,Yes
49868,No
49869,No
49870,No
49871,No
49872,No
49873,No
49874,Yes
49875,Yes
49876,No
49877,Yes
49878,Yes
49879,No
49880,Yes
49881,No
49882,Yes
49883,No
49884,No
49885,No
49886,No
49887,Yes
49888,No
49889,No
49890,Yes
49891,No
49892,No
49893,No
49894,No
49895,No
49896,No
49897,Yes
49898,Yes
49899,No
49900,No
49901,Yes
49902,No
49903,No
49904,Yes
49905,No
49906,Yes
49907,No
49908,No
49909,No
49910,No
49911,No
49912,No
49913,Yes
49914,Yes
49915,No
49916,No
49917,No
49918,No
49919,Yes
49920,No
49921,No
49922,No
49923,No
49924,No
49925,No
49926,Yes
49927,Yes
49928,No
49929,No
49930,No
49931,No
49932,No
49933,No
49934,Yes
49935,No
49936,Yes
49937,Yes
49938,No
49939,No
49940,No
49941,Yes
49942,Yes
49943,No
49944,Yes
49945,Yes
49946,Yes
49947,Yes
49948,No
49949,No
49950,Yes
49951,No
49952,No
49953,No
49954,Yes
49955,No
49956,Yes
49957,Yes
49958,No
49959,Yes
49960,Yes
49961,Yes
49962,Yes
49963,No
49964,Yes
49965,No
49966,Yes
49967,Yes
49968,Yes
49969,No
49970,No
49971,Yes
49972,No
49973,No
49974,No
49975,No
49976,No
49977,Yes
49978,Yes
49979,No
49980,Yes
49981,Yes
49982,No
49983,Yes
49984,No
49985,Yes
49986,No
49987,No
49988,Yes
49989,No
49990,Yes
49991,Yes
49992,No
49993,No
49994,No
49995,No
49996,No
49997,Yes
49998,No
49999,Yes
50000,No
50001,No
50002,No
50003,Yes
50004,Yes
50005,Yes
50006,No
50007,No
50008,No
50009,Yes
50010,No
50011,Yes
50012,Yes
50013,Yes
50014,No
50015,Yes
50016,Yes
50017,Yes
50018,No
50019,No
50020,Yes
50021,No
50022,Yes
50023,Yes
50024,No
50025,Yes
50026,No
50027,No
50028,No
50029,No
50030,Yes
50031,Yes
50032,No
50033,Yes
50034,No
50035,Yes
50036,Yes
50037,No
50038,No
50039,No
50040,Yes
50041,Yes
50042,Yes
50043,No
50044,Yes
50045,Yes
50046,No
50047,Yes
50048,No
50049,No
50050,Yes
50051,No
50052,No
50053,Yes
50054,Yes
50055,Yes
50056,Yes
50057,No
50058,No
50059,Yes
50060,Yes
50061,Yes
50062,No
50063,Yes
50064,Yes
50065,Yes
50066,No
50067,No
50068,No
50069,No
50070,Yes
50071,No
50072,No
50073,No
50074,Yes
50075,No
50076,No
50077,Yes
50078,Yes
50079,No
50080,Yes
50081,No
50082,Yes
50083,No
50084,No
50085,Yes
50086,No
50087,Yes
50088,No
50089,Yes
50090,No
50091,No
50092,No
50093,Yes
50094,Yes
50095,No
50096,Yes
50097,Yes
50098,Yes
50099,No
50100,No
50101,Yes
50102,No
50103,Yes
50104,Yes
50105,Yes
50106,No
50107,No
50108,No
50109,No
50110,No
50111,No
50112,Yes
50113,Yes
50114,No
50115,Yes
50116,No
50117,Yes
50118,Yes
50119,No
50120,Yes
50121,Yes
50122,Yes
50123,No
50124,No
50125,No
50126,No
50127,Yes
50128,Yes
50129,No
50130,Yes
50131,Yes
50132,No
50133,Yes
50134,Yes
50135,Yes
50136,No
50137,Yes
50138,Yes
50139,No
50140,Yes
50141,Yes
50142,No
50143,Yes
50144,Yes
50145,Yes
50146,No
50147,No
50148,No
50149,No
50150,Yes
50151,Yes
50152,Yes
50153,No
50154,No
50155,Yes
50156,Yes
50157,Yes
50158,No
50159,No
50160,No
50161,No
50162,Yes
50163,No
50164,Yes
50165,No
50166,No
50167,No
50168,No
50169,Yes
50170,No
50171,No
50172,No
50173,Yes
50174,No
50175,No
50176,No
50177,No
50178,Yes
50179,No
50180,No
50181,No
50182,No
50183,No
50184,Yes
50185,Yes
50186,No
50187,No
50188,No
50189,No
50190,Yes
50191,No
50192,Yes
50193,No
50194,Yes
50195,Yes
50196,No
50197,Yes
50198,Yes
50199,Yes
50200,Yes
50201,No
50202,No
50203,No
50204,No
50205,No
50206,Yes
50207,Yes
50208,No
50209,No
50210,No
50211,Yes
50212,Yes
50213,No
50214,No
50215,Yes
50216,Yes
50217,No
50218,No
50219,Yes
50220,Yes
50221,Yes
50222,No
50223,Yes
50224,No
50225,Yes
50226,Yes
50227,Yes
50228,Yes
50229,Yes
50230,No
50231,Yes
50232,No
50233,Yes
50234,No
50235,No
50236,No
50237,Yes
50238,Yes
50239,No
50240,Yes
50241,Yes
50242,No
50243,Yes
50244,Yes
50245,No
50246,Yes
50247,No
50248,Yes
50249,Yes
50250,No
50251,Yes
50252,Yes
50253,Yes
50254,No
50255,Yes
50256,No
50257,Yes
50258,Yes
50259,Yes
50260,Yes
50261,No
50262,Yes
50263,Yes
50264,No
50265,No
50266,No
50267,Yes
50268,No
50269,Yes
50270,No
50271,No
50272,No
50273,No
50274,No
50275,Yes
50276,No
50277,Yes
50278,No
50279,No
50280,Yes
50281,Yes
50282,No
50283,No
50284,Yes
50285,No
50286,No
50287,No
50288,No
50289,Yes
50290,No
50291,No
50292,No
50293,Yes
50294,Yes
50295,No
50296,Yes
50297,Yes
50298,No
50299,Yes
50300,Yes
50301,No
50302,Yes
50303,Yes
50304,No
50305,Yes
50306,Yes
50307,No
50308,No
50309,Yes
50310,No
50311,Yes
50312,Yes
50313,No
50314,Yes
50315,Yes
50316,No
50317,Yes
50318,Yes
50319,Yes
50320,No
50321,No
50322,No
50323,Yes
50324,Yes
50325,No
50326,Yes
50327,No
50328,Yes
50329,Yes
50330,Yes
50331,Yes
50332,Yes
50333,Yes
50334,No
50335,Yes
50336,Yes
50337,Yes
50338,No
50339,Yes
50340,Yes
50341,Yes
