"RowID","ExtraTime"
40304,1
40305,2
40306,1
40307,2
40308,1
40309,1
40310,1
40311,1
40312,1
40313,1
40314,1
40315,1
40316,2
40317,1
40318,1
40319,1
40320,1
40321,1
40322,1
40323,2
40324,2
40325,2
40326,1
40327,2
40328,2
40329,1
40330,1
40331,2
40332,1
40333,2
40334,1
40335,1
40336,2
40337,1
40338,1
40339,1
40340,2
40341,2
40342,2
40343,1
40344,1
40345,1
40346,1
40347,1
40348,1
40349,2
40350,1
40351,2
40352,1
40353,2
40354,1
40355,1
40356,2
40357,1
40358,1
40359,1
40360,1
40361,1
40362,1
40363,2
40364,2
40365,1
40366,1
40367,2
40368,1
40369,1
40370,2
40371,1
40372,2
40373,2
40374,2
40375,2
40376,2
40377,1
40378,1
40379,2
40380,2
40381,2
40382,2
40383,2
40384,2
40385,1
40386,2
40387,2
40388,2
40389,2
40390,2
40391,2
40392,2
40393,1
40394,2
40395,2
40396,1
40397,2
40398,2
40399,1
40400,2
40401,2
40402,2
40403,2
40404,2
40405,2
40406,2
40407,2
40408,2
40409,2
40410,2
40411,2
40412,2
40413,1
40414,2
40415,2
40416,2
40417,2
40418,2
40419,2
40420,2
40421,2
40422,1
40423,2
40424,2
40425,2
40426,2
40427,1
40428,1
40429,2
40430,2
40431,2
40432,1
40433,1
40434,2
40435,2
40436,1
40437,2
40438,2
40439,2
40440,1
40441,2
40442,2
40443,1
40444,2
40445,1
40446,1
40447,1
40448,2
40449,2
40450,2
40451,2
40452,2
40453,1
40454,2
40455,2
40456,2
40457,2
40458,2
40459,2
40460,1
40461,2
40462,2
40463,2
40464,2
40465,2
40466,2
40467,1
40468,2
40469,2
40470,2
40471,1
40472,2
40473,2
40474,1
40475,2
40476,1
40477,1
40478,1
40479,2
40480,2
40481,2
40482,1
40483,2
40484,2
40485,2
40486,2
40487,2
40488,2
40489,2
40490,2
40491,2
40492,2
40493,2
40494,2
40495,2
40496,1
40497,1
40498,2
40499,2
40500,2
40501,2
40502,2
40503,1
40504,2
40505,2
40506,2
40507,1
40508,1
40509,2
40510,2
40511,2
40512,2
40513,1
40514,2
40515,2
40516,2
40517,2
40518,2
40519,2
40520,1
40521,2
40522,2
40523,2
40524,2
40525,1
40526,2
40527,1
40528,1
40529,2
40530,2
40531,2
40532,2
40533,2
40534,2
40535,2
40536,2
40537,2
40538,2
40539,2
40540,2
40541,2
40542,2
40543,2
40544,2
40545,2
40546,2
40547,2
40548,1
40549,2
40550,2
40551,1
40552,2
40553,2
40554,2
40555,2
40556,2
40557,2
40558,1
40559,2
40560,2
40561,2
40562,2
40563,2
40564,1
40565,2
40566,2
40567,2
40568,2
40569,2
40570,1
40571,2
40572,2
40573,2
40574,2
40575,2
40576,2
40577,2
40578,2
40579,1
40580,1
40581,2
40582,2
40583,2
40584,2
40585,2
40586,1
40587,2
40588,1
40589,2
40590,2
40591,2
40592,1
40593,1
40594,1
40595,2
40596,2
40597,1
40598,2
40599,1
40600,2
40601,2
40602,1
40603,1
40604,2
40605,2
40606,1
40607,2
40608,2
40609,2
40610,2
40611,2
40612,1
40613,2
40614,2
40615,2
40616,2
40617,2
40618,2
40619,2
40620,2
40621,2
40622,2
40623,1
40624,2
40625,2
40626,2
40627,2
40628,2
40629,2
40630,2
40631,2
40632,2
40633,2
40634,2
40635,2
40636,2
40637,1
40638,2
40639,2
40640,2
40641,2
40642,2
40643,2
40644,2
40645,1
40646,1
40647,2
40648,2
40649,1
40650,1
40651,1
40652,2
40653,2
40654,2
40655,2
40656,2
40657,2
40658,2
40659,2
40660,2
40661,1
40662,1
40663,1
40664,2
40665,2
40666,1
40667,2
40668,1
40669,2
40670,2
40671,2
40672,2
40673,2
40674,2
40675,2
40676,2
40677,2
40678,2
40679,2
40680,2
40681,2
40682,2
40683,2
40684,1
40685,2
40686,2
40687,2
40688,2
40689,2
40690,1
40691,2
40692,2
40693,2
40694,2
40695,1
40696,2
40697,1
40698,2
40699,1
40700,1
40701,2
40702,1
40703,1
40704,2
40705,2
40706,2
40707,2
40708,2
40709,2
40710,2
40711,2
40712,1
40713,2
40714,2
40715,1
40716,1
40717,2
40718,2
40719,2
40720,2
40721,2
40722,2
40723,2
40724,2
40725,2
40726,1
40727,2
40728,2
40729,2
40730,2
40731,1
40732,2
40733,2
40734,2
40735,2
40736,2
40737,2
40738,2
40739,2
40740,2
40741,1
40742,2
40743,2
40744,2
40745,1
40746,1
40747,1
40748,2
40749,2
40750,2
40751,2
40752,2
40753,2
40754,2
40755,2
40756,1
40757,2
40758,1
40759,1
40760,1
40761,2
40762,2
40763,1
40764,2
40765,2
40766,2
40767,2
40768,2
40769,2
40770,2
40771,2
40772,1
40773,1
40774,1
40775,2
40776,2
40777,2
40778,2
40779,2
40780,2
40781,2
40782,2
40783,2
40784,2
40785,2
40786,2
40787,2
40788,2
40789,2
40790,2
40791,2
40792,2
40793,2
40794,2
40795,2
40796,2
40797,2
40798,2
40799,2
40800,2
40801,2
40802,2
40803,2
40804,2
40805,2
40806,2
40807,1
40808,2
40809,2
40810,2
40811,2
40812,2
40813,2
40814,2
40815,2
40816,2
40817,2
40818,2
40819,2
40820,2
40821,2
40822,2
40823,2
40824,2
40825,2
40826,2
40827,2
40828,2
40829,2
40830,2
40831,2
40832,2
40833,2
40834,1
40835,2
40836,2
40837,2
40838,1
40839,2
40840,2
40841,2
40842,1
40843,2
40844,1
40845,2
40846,1
40847,1
40848,1
40849,1
40850,2
40851,2
40852,2
40853,2
40854,1
40855,2
40856,2
40857,2
40858,2
40859,2
40860,2
40861,2
40862,2
40863,2
40864,2
40865,1
40866,1
40867,1
40868,1
40869,1
40870,1
40871,2
40872,2
40873,2
40874,2
40875,2
40876,1
40877,1
40878,1
40879,1
40880,2
40881,1
40882,2
40883,2
40884,1
40885,2
40886,2
40887,2
40888,1
40889,1
40890,2
40891,2
40892,1
40893,2
40894,1
40895,1
40896,1
40897,2
40898,2
40899,2
40900,2
40901,2
40902,1
40903,2
40904,1
40905,2
40906,1
40907,1
40908,2
40909,2
40910,1
40911,2
40912,2
40913,2
40914,2
40915,2
40916,2
40917,2
40918,2
40919,2
40920,2
40921,2
40922,2
40923,2
40924,2
40925,2
40926,2
40927,1
40928,2
40929,1
40930,2
40931,2
40932,2
40933,2
40934,2
40935,2
40936,2
40937,2
40938,2
40939,2
40940,2
40941,2
40942,2
40943,1
40944,1
40945,1
40946,2
40947,2
40948,1
40949,2
40950,1
40951,2
40952,2
40953,1
40954,1
40955,2
40956,1
40957,2
40958,1
40959,1
40960,2
40961,2
40962,2
40963,2
40964,2
40965,2
40966,2
40967,2
40968,2
40969,2
40970,2
40971,2
40972,2
40973,1
40974,2
40975,1
40976,2
40977,2
40978,1
40979,2
40980,2
40981,2
40982,2
40983,2
40984,2
40985,2
40986,2
40987,2
40988,2
40989,2
40990,2
40991,2
40992,2
40993,2
40994,1
40995,2
40996,1
40997,2
40998,2
40999,1
41000,2
41001,2
41002,2
41003,2
41004,2
41005,2
41006,2
41007,2
41008,2
41009,1
41010,1
41011,2
41012,1
41013,1
41014,1
41015,2
41016,1
41017,2
41018,2
41019,1
41020,1
41021,1
41022,2
41023,2
41024,2
41025,2
41026,2
41027,2
41028,2
41029,2
41030,2
41031,2
41032,1
41033,2
41034,2
41035,2
41036,1
41037,2
41038,2
41039,2
41040,2
41041,2
41042,2
41043,2
41044,2
41045,2
41046,2
41047,2
41048,1
41049,1
41050,2
41051,2
41052,2
41053,2
41054,2
41055,2
41056,1
41057,2
41058,2
41059,2
41060,2
41061,1
41062,2
41063,2
41064,2
41065,1
41066,1
41067,1
41068,1
41069,1
41070,2
41071,2
41072,2
41073,2
41074,2
41075,1
41076,2
41077,1
41078,2
41079,2
41080,2
41081,2
41082,2
41083,1
41084,2
41085,1
41086,1
41087,2
41088,2
41089,2
41090,2
41091,2
41092,2
41093,1
41094,1
41095,2
41096,2
41097,2
41098,2
41099,2
41100,2
41101,2
41102,2
41103,2
41104,2
41105,1
41106,2
41107,2
41108,2
41109,2
41110,2
41111,2
41112,2
41113,1
41114,1
41115,1
41116,1
41117,1
41118,1
41119,1
41120,1
41121,2
41122,1
41123,2
41124,2
41125,2
41126,1
41127,2
41128,2
41129,2
41130,2
41131,2
41132,2
41133,2
41134,2
41135,2
41136,2
41137,2
41138,2
41139,1
41140,2
41141,2
41142,2
41143,2
41144,2
41145,2
41146,2
41147,2
41148,2
41149,2
41150,2
41151,1
41152,2
41153,2
41154,2
41155,2
41156,2
41157,2
41158,2
41159,2
41160,2
41161,2
41162,2
41163,1
41164,2
41165,2
41166,2
41167,2
41168,2
41169,1
41170,1
41171,1
41172,1
41173,2
41174,2
41175,2
41176,2
41177,2
41178,2
41179,2
41180,2
41181,2
41182,2
41183,2
41184,2
41185,2
41186,2
41187,2
41188,2
41189,2
41190,1
41191,1
41192,2
41193,2
41194,2
41195,2
41196,2
41197,2
41198,2
41199,2
41200,1
41201,2
41202,1
41203,2
41204,1
41205,1
41206,1
41207,2
41208,2
41209,2
41210,2
41211,2
41212,2
41213,2
41214,2
41215,2
41216,2
41217,2
41218,2
41219,2
41220,2
41221,2
41222,1
41223,2
41224,1
41225,1
41226,2
41227,2
41228,2
41229,2
41230,1
41231,2
41232,1
41233,1
41234,2
41235,2
41236,1
41237,1
41238,2
41239,2
41240,2
41241,2
41242,2
41243,2
41244,2
41245,2
41246,2
41247,2
41248,2
41249,2
41250,2
41251,2
41252,2
41253,2
41254,2
41255,2
41256,2
41257,2
41258,2
41259,2
41260,1
41261,1
41262,1
41263,1
41264,2
41265,2
41266,2
41267,1
41268,2
41269,1
41270,1
41271,2
41272,2
41273,2
41274,2
41275,2
41276,2
41277,1
41278,2
41279,1
41280,2
41281,2
41282,2
41283,2
41284,1
41285,2
41286,2
41287,2
41288,2
41289,2
41290,2
41291,2
41292,2
41293,1
41294,2
41295,2
41296,1
41297,2
41298,2
41299,1
41300,1
41301,2
41302,2
41303,2
41304,2
41305,1
41306,2
41307,2
41308,2
41309,2
41310,2
41311,1
41312,2
41313,2
41314,2
41315,2
41316,2
41317,2
41318,2
41319,2
41320,2
41321,1
41322,1
41323,1
41324,1
41325,2
41326,2
41327,2
41328,2
41329,1
41330,2
41331,2
41332,2
41333,2
41334,2
41335,2
41336,2
41337,2
41338,2
41339,1
41340,1
41341,1
41342,2
41343,2
41344,2
41345,2
41346,2
41347,1
41348,1
41349,1
41350,2
41351,1
41352,2
41353,2
41354,2
41355,1
41356,1
41357,1
41358,2
41359,1
41360,1
41361,2
41362,2
41363,2
41364,2
41365,2
41366,2
41367,2
41368,2
41369,2
41370,2
41371,2
41372,1
41373,1
41374,2
41375,2
41376,2
41377,2
41378,2
41379,1
41380,2
41381,2
41382,2
41383,2
41384,2
41385,2
41386,2
41387,2
41388,2
41389,2
41390,2
41391,2
41392,1
41393,1
41394,2
41395,2
41396,2
41397,2
41398,2
41399,2
41400,2
41401,2
41402,2
41403,2
41404,2
41405,2
41406,1
41407,1
41408,2
41409,1
41410,2
41411,2
41412,1
41413,2
41414,1
41415,2
41416,2
41417,2
41418,2
41419,1
41420,2
41421,2
41422,2
41423,2
41424,2
41425,2
41426,2
41427,2
41428,2
41429,2
41430,2
41431,2
41432,2
41433,2
41434,1
41435,1
41436,1
41437,2
41438,2
41439,2
41440,2
41441,2
41442,1
41443,1
41444,2
41445,1
41446,1
41447,2
41448,2
41449,1
41450,2
41451,2
41452,2
41453,2
41454,2
41455,1
41456,2
41457,2
41458,2
41459,2
41460,2
41461,1
41462,2
41463,2
41464,1
41465,2
41466,2
41467,1
41468,2
41469,2
41470,1
41471,1
41472,1
41473,1
41474,1
41475,2
41476,2
41477,2
41478,2
41479,2
41480,2
41481,2
41482,2
41483,1
41484,2
41485,2
41486,2
41487,2
41488,1
41489,2
41490,1
41491,2
41492,2
41493,2
41494,1
41495,2
41496,2
41497,2
41498,1
41499,2
41500,2
41501,2
41502,2
41503,2
41504,1
41505,2
41506,2
41507,1
41508,1
41509,2
41510,2
41511,1
41512,2
41513,2
41514,2
41515,2
41516,2
41517,1
41518,1
41519,2
41520,2
41521,2
41522,2
41523,2
41524,1
41525,2
41526,2
41527,1
41528,2
41529,2
41530,2
41531,2
41532,2
41533,2
41534,2
41535,1
41536,1
41537,2
41538,2
41539,2
41540,1
41541,2
41542,1
41543,2
41544,1
41545,1
41546,2
41547,2
41548,2
41549,2
41550,2
41551,2
41552,2
41553,2
41554,2
41555,2
41556,2
41557,1
41558,2
41559,2
41560,2
41561,2
41562,2
41563,2
41564,2
41565,2
41566,2
41567,2
41568,1
41569,2
41570,1
41571,2
41572,2
41573,2
41574,2
41575,2
41576,2
41577,2
41578,2
41579,2
41580,2
41581,2
41582,2
41583,2
41584,2
41585,2
41586,2
41587,2
41588,2
41589,2
41590,1
41591,2
41592,1
41593,2
41594,2
41595,1
41596,1
41597,2
41598,2
41599,2
41600,1
41601,1
41602,2
41603,2
41604,2
41605,2
41606,2
41607,2
41608,2
41609,2
41610,2
41611,2
41612,2
41613,2
41614,2
41615,1
41616,2
41617,2
41618,2
41619,2
41620,2
41621,2
41622,2
41623,2
41624,2
41625,2
41626,2
41627,2
41628,2
41629,1
41630,1
41631,2
41632,2
41633,2
41634,1
41635,2
41636,1
41637,2
41638,2
41639,1
41640,2
41641,2
41642,2
41643,2
41644,2
41645,1
41646,2
41647,2
41648,2
41649,2
41650,2
41651,2
41652,1
41653,2
41654,2
41655,1
41656,2
41657,2
41658,2
41659,2
41660,2
41661,2
41662,2
41663,2
41664,2
41665,2
41666,2
41667,2
41668,2
41669,2
41670,2
41671,2
41672,2
41673,2
41674,1
41675,1
41676,2
41677,2
41678,2
41679,1
41680,2
41681,2
41682,2
41683,1
41684,2
41685,2
41686,2
41687,2
41688,2
41689,2
41690,2
41691,2
41692,2
41693,2
41694,2
41695,2
41696,2
41697,2
41698,2
41699,2
41700,2
41701,2
41702,2
41703,2
41704,2
41705,2
41706,2
41707,2
41708,2
41709,2
41710,2
41711,2
41712,2
41713,2
41714,2
41715,2
41716,2
41717,2
41718,2
41719,2
41720,2
41721,2
41722,2
41723,2
41724,2
41725,2
41726,2
41727,2
41728,2
41729,2
41730,2
41731,2
41732,2
41733,2
41734,2
41735,2
41736,2
41737,2
41738,2
41739,2
41740,2
41741,2
41742,2
41743,2
41744,2
41745,2
41746,2
41747,2
41748,2
41749,2
41750,2
41751,2
41752,2
41753,2
41754,2
41755,2
41756,2
41757,2
41758,2
41759,2
41760,2
41761,2
41762,2
41763,2
41764,2
41765,2
41766,2
41767,2
41768,2
41769,2
41770,2
41771,2
41772,2
41773,2
41774,2
41775,2
41776,2
41777,2
41778,2
41779,2
41780,2
41781,2
41782,2
41783,2
41784,2
41785,2
41786,2
41787,2
41788,2
41789,2
41790,2
41791,2
41792,2
41793,2
41794,2
41795,2
41796,2
41797,2
41798,2
41799,2
41800,2
41801,2
41802,2
41803,2
41804,2
41805,2
41806,2
41807,2
41808,2
41809,2
41810,2
41811,2
41812,2
41813,2
41814,2
41815,2
41816,2
41817,2
41818,2
41819,2
41820,2
41821,2
41822,2
41823,2
41824,2
41825,2
41826,2
41827,2
41828,2
41829,2
41830,1
41831,1
41832,2
41833,2
41834,2
41835,2
41836,2
41837,2
41838,2
41839,2
41840,2
41841,2
41842,2
41843,2
41844,2
41845,2
41846,2
41847,2
41848,2
41849,2
41850,1
41851,1
41852,2
41853,2
41854,2
41855,2
41856,2
41857,2
41858,2
41859,2
41860,2
41861,1
41862,2
41863,2
41864,1
41865,2
41866,2
41867,2
41868,2
41869,2
41870,2
41871,2
41872,2
41873,2
41874,2
41875,2
41876,2
41877,2
41878,2
41879,2
41880,2
41881,2
41882,2
41883,2
41884,2
41885,2
41886,2
41887,2
41888,2
41889,2
41890,2
41891,1
41892,2
41893,2
41894,2
41895,2
41896,2
41897,2
41898,2
41899,2
41900,2
41901,2
41902,2
41903,2
41904,2
41905,2
41906,2
41907,2
41908,2
41909,2
41910,2
41911,2
41912,2
41913,2
41914,2
41915,2
41916,2
41917,2
41918,2
41919,2
41920,2
41921,2
41922,1
41923,2
41924,1
41925,1
41926,2
41927,2
41928,2
41929,2
41930,2
41931,2
41932,2
41933,2
41934,2
41935,2
41936,2
41937,2
41938,2
41939,2
41940,2
41941,2
41942,2
41943,2
41944,2
41945,2
41946,2
41947,2
41948,2
41949,2
41950,2
41951,2
41952,2
41953,2
41954,2
41955,2
41956,2
41957,2
41958,2
41959,2
41960,2
41961,2
41962,2
41963,2
41964,2
41965,2
41966,2
41967,2
41968,2
41969,2
41970,2
41971,2
41972,2
41973,2
41974,2
41975,2
41976,2
41977,2
41978,2
41979,2
41980,2
41981,2
41982,2
41983,2
41984,2
41985,2
41986,2
41987,2
41988,2
41989,2
41990,2
41991,2
41992,2
41993,2
41994,2
41995,2
41996,2
41997,2
41998,2
41999,2
42000,2
42001,2
42002,2
42003,2
42004,2
42005,2
42006,1
42007,1
42008,2
42009,1
42010,2
42011,2
42012,2
42013,2
42014,2
42015,2
42016,2
42017,2
42018,2
42019,2
42020,2
42021,2
42022,2
42023,2
42024,2
42025,2
42026,2
42027,2
42028,2
42029,2
42030,2
42031,2
42032,2
42033,2
42034,2
42035,2
42036,2
42037,2
42038,1
42039,2
42040,2
42041,2
42042,2
42043,2
42044,2
42045,2
42046,2
42047,2
42048,2
42049,2
42050,2
42051,2
42052,2
42053,2
42054,2
42055,2
42056,2
42057,2
42058,2
42059,2
42060,2
42061,2
42062,2
42063,2
42064,2
42065,1
42066,2
42067,2
42068,2
42069,2
42070,2
42071,2
42072,2
42073,2
42074,2
42075,2
42076,2
42077,2
42078,2
42079,2
42080,2
42081,2
42082,2
42083,2
42084,2
42085,2
42086,2
42087,2
42088,2
42089,1
42090,1
42091,2
42092,2
42093,1
42094,2
42095,1
42096,2
42097,2
42098,2
42099,2
42100,2
42101,1
42102,1
42103,2
42104,2
42105,2
42106,2
42107,2
42108,2
42109,2
42110,2
42111,2
42112,2
42113,2
42114,2
42115,2
42116,2
42117,2
42118,2
42119,2
42120,2
42121,2
42122,2
42123,2
42124,2
42125,2
42126,2
42127,2
42128,2
42129,2
42130,2
42131,2
42132,2
42133,2
42134,2
42135,2
42136,2
42137,2
42138,2
42139,1
42140,2
42141,2
42142,2
42143,2
42144,2
42145,2
42146,2
42147,2
42148,2
42149,2
42150,2
42151,2
42152,2
42153,2
42154,2
42155,2
42156,2
42157,2
42158,2
42159,2
42160,2
42161,2
42162,2
42163,2
42164,2
42165,1
42166,2
42167,2
42168,2
42169,2
42170,1
42171,2
42172,2
42173,2
42174,2
42175,2
42176,2
42177,2
42178,2
42179,1
42180,2
42181,2
42182,2
42183,2
42184,2
42185,2
42186,2
42187,2
42188,2
42189,2
42190,2
42191,1
42192,2
42193,1
42194,2
42195,2
42196,2
42197,2
42198,2
42199,2
42200,2
42201,2
42202,2
42203,2
42204,2
42205,2
42206,2
42207,2
42208,2
42209,2
42210,2
42211,2
42212,2
42213,2
42214,2
42215,2
42216,2
42217,2
42218,2
42219,2
42220,2
42221,2
42222,2
42223,2
42224,2
42225,2
42226,2
42227,2
42228,2
42229,2
42230,2
42231,2
42232,2
42233,2
42234,2
42235,2
42236,2
42237,2
42238,1
42239,2
42240,2
42241,2
42242,1
42243,2
42244,2
42245,1
42246,2
42247,2
42248,2
42249,2
42250,2
42251,2
42252,2
42253,2
42254,2
42255,2
42256,2
42257,1
42258,2
42259,2
42260,2
42261,2
42262,2
42263,2
42264,2
42265,2
42266,2
42267,2
42268,2
42269,2
42270,2
42271,2
42272,2
42273,2
42274,2
42275,2
42276,2
42277,2
42278,2
42279,1
42280,2
42281,2
42282,2
42283,2
42284,2
42285,2
42286,2
42287,2
42288,2
42289,2
42290,2
42291,2
42292,2
42293,2
42294,2
42295,2
42296,2
42297,2
42298,2
42299,2
42300,2
42301,2
42302,2
42303,2
42304,2
42305,1
42306,2
42307,2
42308,2
42309,2
42310,2
42311,2
42312,2
42313,2
42314,2
42315,2
42316,2
42317,2
42318,2
42319,2
42320,2
42321,2
42322,2
42323,2
42324,2
42325,2
42326,2
42327,2
42328,2
42329,2
42330,2
42331,1
42332,2
42333,2
42334,2
42335,2
42336,2
42337,2
42338,2
42339,2
42340,2
42341,1
42342,2
42343,2
42344,2
42345,2
42346,2
42347,2
42348,2
42349,2
42350,2
42351,2
42352,2
42353,2
42354,2
42355,2
42356,2
42357,2
42358,2
42359,2
42360,2
42361,2
42362,2
42363,2
42364,2
42365,2
42366,2
42367,2
42368,2
42369,2
42370,2
42371,2
42372,2
42373,2
42374,2
42375,2
42376,2
42377,2
42378,2
42379,2
42380,2
42381,1
42382,2
42383,2
42384,1
42385,2
42386,2
42387,2
42388,1
42389,2
42390,2
42391,2
42392,2
42393,2
42394,1
42395,2
42396,2
42397,2
42398,1
42399,2
42400,1
42401,1
42402,2
42403,2
42404,2
42405,2
42406,2
42407,2
42408,2
42409,2
42410,2
42411,2
42412,2
42413,1
42414,2
42415,2
42416,2
42417,2
42418,2
42419,2
42420,2
42421,2
42422,2
42423,2
42424,2
42425,2
42426,2
42427,2
42428,2
42429,2
42430,2
42431,2
42432,2
42433,2
42434,2
42435,2
42436,2
42437,2
42438,2
42439,2
42440,2
42441,2
42442,2
42443,2
42444,2
42445,2
42446,2
42447,2
42448,2
42449,2
42450,2
42451,2
42452,2
42453,2
42454,2
42455,2
42456,2
42457,2
42458,2
42459,2
42460,2
42461,2
42462,2
42463,2
42464,2
42465,2
42466,2
42467,2
42468,2
42469,1
42470,2
42471,1
42472,2
42473,2
42474,2
42475,2
42476,2
42477,2
42478,1
42479,2
42480,2
42481,2
42482,2
42483,2
42484,2
42485,2
42486,2
42487,2
42488,2
42489,2
42490,2
42491,2
42492,2
42493,2
42494,2
42495,2
42496,2
42497,2
42498,2
42499,1
42500,2
42501,2
42502,2
42503,2
42504,2
42505,2
42506,2
42507,2
42508,2
42509,2
42510,2
42511,2
42512,2
42513,1
42514,2
42515,2
42516,2
42517,2
42518,2
42519,2
42520,2
42521,2
42522,2
42523,2
42524,2
42525,2
42526,2
42527,2
42528,2
42529,2
42530,2
42531,2
42532,2
42533,2
42534,2
42535,2
42536,2
42537,2
42538,2
42539,2
42540,2
42541,2
42542,2
42543,2
42544,2
42545,2
42546,2
42547,2
42548,2
42549,2
42550,2
42551,2
42552,2
42553,2
42554,2
42555,2
42556,2
42557,2
42558,2
42559,2
42560,2
42561,2
42562,2
42563,2
42564,2
42565,2
42566,2
42567,2
42568,2
42569,2
42570,2
42571,2
42572,2
42573,2
42574,2
42575,2
42576,2
42577,2
42578,2
42579,2
42580,2
42581,2
42582,2
42583,2
42584,2
42585,2
42586,1
42587,2
42588,1
42589,2
42590,2
42591,2
42592,2
42593,2
42594,2
42595,2
42596,2
42597,2
42598,2
42599,2
42600,2
42601,2
42602,2
42603,2
42604,2
42605,1
42606,2
42607,2
42608,2
42609,2
42610,2
42611,2
42612,2
42613,2
42614,2
42615,2
42616,2
42617,2
42618,2
42619,2
42620,2
42621,2
42622,2
42623,2
42624,2
42625,2
42626,1
42627,2
42628,2
42629,2
42630,2
42631,2
42632,2
42633,2
42634,2
42635,2
42636,2
42637,2
42638,2
42639,2
42640,2
42641,2
42642,2
42643,2
42644,2
42645,2
42646,2
42647,2
42648,2
42649,2
42650,2
42651,2
42652,2
42653,2
42654,2
42655,2
42656,2
42657,1
42658,2
42659,2
42660,2
42661,2
42662,2
42663,2
42664,2
42665,2
42666,2
42667,2
42668,2
42669,2
42670,1
42671,1
42672,2
42673,2
42674,2
42675,2
42676,2
42677,2
42678,2
42679,2
42680,2
42681,2
42682,2
42683,2
42684,2
42685,2
42686,2
42687,2
42688,2
42689,2
42690,1
42691,2
42692,2
42693,2
42694,2
42695,2
42696,2
42697,2
42698,2
42699,2
42700,1
42701,2
42702,2
42703,2
42704,2
42705,2
42706,2
42707,2
42708,2
42709,2
42710,2
42711,2
42712,2
42713,2
42714,2
42715,2
42716,2
42717,2
42718,2
42719,2
42720,2
42721,2
42722,2
42723,2
42724,2
42725,2
42726,2
42727,2
42728,2
42729,2
42730,2
42731,2
42732,2
42733,2
42734,2
42735,2
42736,2
42737,2
42738,2
42739,2
42740,2
42741,2
42742,2
42743,2
42744,2
42745,2
42746,2
42747,2
42748,2
42749,2
42750,2
42751,2
42752,2
42753,2
42754,2
42755,2
42756,2
42757,2
42758,2
42759,2
42760,2
42761,2
42762,2
42763,2
42764,2
42765,2
42766,2
42767,2
42768,2
42769,2
42770,2
42771,2
42772,2
42773,2
42774,2
42775,2
42776,2
42777,2
42778,2
42779,2
42780,2
42781,2
42782,2
42783,2
42784,2
42785,2
42786,2
42787,2
42788,2
42789,2
42790,2
42791,2
42792,2
42793,2
42794,2
42795,2
42796,2
42797,2
42798,2
42799,2
42800,2
42801,2
42802,2
42803,2
42804,2
42805,2
42806,2
42807,1
42808,2
42809,1
42810,2
42811,2
42812,2
42813,2
42814,2
42815,2
42816,2
42817,2
42818,2
42819,2
42820,2
42821,2
42822,2
42823,2
42824,2
42825,2
42826,2
42827,2
42828,2
42829,2
42830,2
42831,2
42832,2
42833,1
42834,2
42835,1
42836,2
42837,2
42838,1
42839,2
42840,2
42841,2
42842,2
42843,2
42844,2
42845,2
42846,2
42847,2
42848,1
42849,2
42850,2
42851,2
42852,2
42853,2
42854,2
42855,2
42856,2
42857,2
42858,2
42859,2
42860,2
42861,2
42862,2
42863,2
42864,2
42865,2
42866,2
42867,2
42868,2
42869,1
42870,2
42871,2
42872,2
42873,2
42874,2
42875,2
42876,2
42877,2
42878,1
42879,2
42880,1
42881,2
42882,2
42883,2
42884,2
42885,2
42886,2
42887,2
42888,2
42889,2
42890,2
42891,2
42892,2
42893,2
42894,2
42895,2
42896,2
42897,2
42898,2
42899,2
42900,2
42901,2
42902,2
42903,2
42904,2
42905,2
42906,2
42907,2
42908,2
42909,2
42910,2
42911,2
42912,2
42913,2
42914,2
42915,2
42916,2
42917,2
42918,2
42919,2
42920,1
42921,2
42922,2
42923,2
42924,2
42925,1
42926,1
42927,2
42928,1
42929,2
42930,2
42931,2
42932,2
42933,2
42934,2
42935,2
42936,2
42937,2
42938,2
42939,2
42940,2
42941,2
42942,2
42943,1
42944,2
42945,1
42946,2
42947,2
42948,2
42949,2
42950,2
42951,2
42952,1
42953,2
42954,2
42955,2
42956,2
42957,2
42958,2
42959,2
42960,2
42961,2
42962,2
42963,2
42964,2
42965,2
42966,2
42967,2
42968,2
42969,2
42970,2
42971,2
42972,2
42973,2
42974,2
42975,2
42976,2
42977,2
42978,2
42979,2
42980,2
42981,2
42982,2
42983,2
42984,2
42985,2
42986,2
42987,2
42988,2
42989,2
42990,2
42991,2
42992,2
42993,2
42994,2
42995,2
42996,2
42997,2
42998,2
42999,2
43000,2
43001,2
43002,2
43003,2
43004,2
43005,2
43006,2
43007,2
43008,2
43009,2
43010,2
43011,2
43012,2
43013,2
43014,2
43015,2
43016,2
43017,1
43018,2
43019,2
43020,2
43021,2
43022,2
43023,2
43024,2
43025,2
43026,2
43027,2
43028,2
43029,2
43030,2
43031,2
43032,2
43033,2
43034,2
43035,2
43036,2
43037,2
43038,2
43039,2
43040,2
43041,2
43042,2
43043,2
43044,2
43045,2
43046,2
43047,2
43048,2
43049,2
43050,2
43051,2
43052,2
43053,2
43054,2
43055,2
43056,2
43057,2
43058,2
43059,2
43060,2
43061,2
43062,2
43063,2
43064,2
43065,2
43066,2
43067,2
43068,2
43069,2
43070,2
43071,2
43072,2
43073,2
43074,1
43075,2
43076,2
43077,2
43078,2
43079,2
43080,2
43081,2
43082,2
43083,2
43084,2
43085,2
43086,2
43087,2
43088,2
43089,2
43090,2
43091,2
43092,2
43093,2
43094,2
43095,2
43096,2
43097,2
43098,2
43099,2
43100,1
43101,2
43102,2
43103,2
43104,2
43105,2
43106,2
43107,2
43108,2
43109,2
43110,2
43111,2
43112,2
43113,2
43114,2
43115,2
43116,2
43117,2
43118,2
43119,2
43120,2
43121,2
43122,2
43123,2
43124,2
43125,2
43126,2
43127,2
43128,2
43129,2
43130,2
43131,2
43132,2
43133,2
43134,2
43135,2
43136,2
43137,2
43138,2
43139,2
43140,2
43141,2
43142,2
43143,2
43144,2
43145,2
43146,2
43147,2
43148,2
43149,2
43150,2
43151,2
43152,2
43153,2
43154,2
43155,2
43156,1
43157,2
43158,2
43159,2
43160,2
43161,2
43162,2
43163,2
43164,2
43165,2
43166,2
43167,2
43168,2
43169,2
43170,2
43171,2
43172,2
43173,2
43174,2
43175,2
43176,2
43177,2
43178,2
43179,2
43180,2
43181,2
43182,2
43183,2
43184,2
43185,2
43186,2
43187,2
43188,2
43189,2
43190,2
43191,2
43192,2
43193,2
43194,2
43195,2
43196,2
43197,2
43198,2
43199,2
43200,2
43201,2
43202,2
43203,2
43204,2
43205,2
43206,2
43207,2
43208,2
43209,2
43210,2
43211,2
43212,1
43213,2
43214,2
43215,2
43216,2
43217,2
43218,2
43219,2
43220,2
43221,2
43222,2
43223,2
43224,2
43225,2
43226,2
43227,2
43228,1
43229,1
43230,2
43231,2
43232,1
43233,2
43234,1
43235,2
43236,1
43237,2
43238,2
43239,2
43240,2
43241,2
43242,2
43243,2
43244,2
43245,2
43246,2
43247,2
43248,1
43249,2
43250,2
43251,2
43252,2
43253,2
43254,2
43255,2
43256,2
43257,2
43258,2
43259,2
43260,2
43261,2
43262,2
43263,2
43264,2
43265,2
43266,2
43267,2
43268,2
43269,2
43270,2
43271,2
43272,2
43273,2
43274,2
43275,2
43276,2
43277,1
43278,2
43279,2
43280,2
43281,2
43282,2
43283,1
43284,2
43285,2
43286,2
43287,2
43288,2
43289,2
43290,2
43291,1
43292,2
43293,2
43294,2
43295,2
43296,2
43297,2
43298,2
43299,2
43300,2
43301,2
43302,2
43303,1
43304,2
43305,2
43306,2
43307,2
43308,2
43309,2
43310,1
43311,1
43312,2
43313,2
43314,1
43315,2
43316,2
43317,2
43318,2
43319,2
43320,2
43321,2
43322,2
43323,2
43324,2
43325,2
43326,2
43327,2
43328,2
43329,1
43330,2
43331,2
43332,2
43333,1
43334,1
43335,2
43336,2
43337,2
43338,2
43339,2
43340,2
43341,2
43342,2
43343,2
43344,2
43345,2
43346,2
43347,2
43348,2
43349,2
43350,2
43351,2
43352,2
43353,2
43354,2
43355,2
43356,2
43357,1
43358,2
43359,2
43360,2
43361,2
43362,2
43363,2
43364,2
43365,2
43366,2
43367,2
43368,2
43369,2
43370,2
43371,2
43372,2
43373,2
43374,2
43375,2
43376,2
43377,2
43378,2
43379,2
43380,2
43381,2
43382,2
43383,2
43384,2
43385,2
43386,2
43387,2
43388,2
43389,2
43390,2
43391,2
43392,2
43393,2
43394,2
43395,2
43396,2
43397,2
43398,2
43399,2
43400,2
43401,2
43402,2
43403,2
43404,2
43405,2
43406,2
43407,2
43408,2
43409,2
43410,2
43411,2
43412,2
43413,2
43414,2
43415,2
43416,2
43417,2
43418,2
43419,2
43420,2
43421,2
43422,2
43423,2
43424,2
43425,1
43426,2
43427,2
43428,2
43429,2
43430,2
43431,2
43432,2
43433,2
43434,2
43435,2
43436,2
43437,2
43438,2
43439,2
43440,2
43441,2
43442,2
43443,2
43444,2
43445,2
43446,2
43447,2
43448,2
43449,2
43450,2
43451,2
43452,2
43453,2
43454,2
43455,2
43456,2
43457,1
43458,2
43459,2
43460,2
43461,2
43462,2
43463,2
43464,2
43465,2
43466,2
43467,2
43468,2
43469,1
43470,2
43471,2
43472,2
43473,1
43474,2
43475,2
43476,2
43477,2
43478,2
43479,2
43480,2
43481,2
43482,1
43483,2
43484,2
43485,2
43486,2
43487,2
43488,2
43489,2
43490,2
43491,2
43492,2
43493,2
43494,2
43495,2
43496,2
43497,2
43498,1
43499,1
43500,2
43501,2
43502,1
43503,2
43504,2
43505,2
43506,2
43507,2
43508,2
43509,2
43510,2
43511,2
43512,2
43513,2
43514,2
43515,2
43516,2
43517,2
43518,2
43519,2
43520,1
43521,2
43522,2
43523,2
43524,2
43525,2
43526,2
43527,2
43528,2
43529,2
43530,2
43531,1
43532,2
43533,2
43534,2
43535,2
43536,2
43537,2
43538,2
43539,2
43540,2
43541,2
43542,2
43543,2
43544,2
43545,2
43546,2
43547,2
43548,2
43549,2
43550,2
43551,2
43552,2
43553,2
43554,2
43555,2
43556,2
43557,2
43558,2
43559,2
43560,2
43561,2
43562,2
43563,2
43564,2
43565,2
43566,2
43567,2
43568,1
43569,2
43570,2
43571,2
43572,2
43573,2
43574,2
43575,2
43576,2
43577,2
43578,2
43579,2
43580,2
43581,2
43582,2
43583,2
43584,2
43585,2
43586,2
43587,2
43588,2
43589,2
43590,2
43591,2
43592,2
43593,2
43594,2
43595,2
43596,2
43597,2
43598,2
43599,1
43600,1
43601,2
43602,2
43603,2
43604,2
43605,2
43606,2
43607,2
43608,2
43609,2
43610,2
43611,2
43612,2
43613,2
43614,2
43615,2
43616,2
43617,2
43618,2
43619,2
43620,2
43621,2
43622,2
43623,2
43624,2
43625,2
43626,2
43627,2
43628,2
43629,2
43630,2
43631,2
43632,2
43633,2
43634,2
43635,2
43636,2
43637,1
43638,2
43639,2
43640,2
43641,2
43642,2
43643,1
43644,1
43645,2
43646,2
43647,2
43648,1
43649,2
43650,1
43651,2
43652,2
43653,2
43654,2
43655,2
43656,2
43657,2
43658,2
43659,2
43660,2
43661,2
43662,2
43663,2
43664,2
43665,1
43666,2
43667,2
43668,2
43669,2
43670,2
43671,2
43672,2
43673,2
43674,2
43675,2
43676,2
43677,2
43678,2
43679,2
43680,2
43681,2
43682,2
43683,2
43684,2
43685,2
43686,2
43687,2
43688,2
43689,2
43690,2
43691,2
43692,2
43693,1
43694,2
43695,2
43696,2
43697,2
43698,2
43699,2
43700,2
43701,2
43702,2
43703,2
43704,2
43705,2
43706,2
43707,2
43708,2
43709,2
43710,2
43711,2
43712,2
43713,2
43714,2
43715,2
43716,2
43717,2
43718,2
43719,2
43720,2
43721,2
43722,2
43723,2
43724,2
43725,2
43726,2
43727,2
43728,2
43729,2
43730,2
43731,2
43732,2
43733,2
43734,2
43735,2
43736,2
43737,2
43738,2
43739,2
43740,2
43741,2
43742,2
43743,2
43744,2
43745,2
43746,2
43747,2
43748,2
43749,2
43750,2
43751,2
43752,1
43753,2
43754,1
43755,2
43756,2
43757,2
43758,2
43759,2
43760,2
43761,2
43762,2
43763,2
43764,2
43765,2
43766,1
43767,2
43768,2
43769,1
43770,2
43771,2
43772,2
43773,2
43774,2
43775,2
43776,2
43777,2
43778,2
43779,2
43780,2
43781,2
43782,2
43783,2
43784,2
43785,2
43786,2
43787,2
43788,2
43789,2
43790,2
43791,2
43792,2
43793,2
43794,2
43795,2
43796,2
43797,2
43798,2
43799,2
43800,2
43801,2
43802,2
43803,2
43804,2
43805,2
43806,2
43807,2
43808,2
43809,2
43810,2
43811,2
43812,2
43813,1
43814,2
43815,2
43816,2
43817,2
43818,2
43819,2
43820,2
43821,2
43822,2
43823,1
43824,2
43825,2
43826,2
43827,2
43828,2
43829,2
43830,2
43831,2
43832,2
43833,2
43834,2
43835,2
43836,2
43837,2
43838,2
43839,2
43840,2
43841,2
43842,2
43843,2
43844,1
43845,2
43846,2
43847,2
43848,2
43849,2
43850,2
43851,2
43852,2
43853,2
43854,2
43855,2
43856,2
43857,2
43858,2
43859,2
43860,2
43861,2
43862,2
43863,2
43864,2
43865,2
43866,2
43867,2
43868,2
43869,2
43870,2
43871,2
43872,2
43873,2
43874,2
43875,2
43876,2
43877,2
43878,2
43879,2
43880,2
43881,2
43882,2
43883,2
43884,2
43885,2
43886,2
43887,2
43888,2
43889,2
43890,2
43891,2
43892,2
43893,2
43894,2
43895,2
43896,2
43897,2
43898,2
43899,2
43900,2
43901,2
43902,2
43903,2
43904,2
43905,2
43906,2
43907,2
43908,2
43909,2
43910,2
43911,2
43912,2
43913,2
43914,2
43915,2
43916,2
43917,2
43918,2
43919,2
43920,2
43921,2
43922,2
43923,1
43924,2
43925,2
43926,2
43927,2
43928,2
43929,2
43930,2
43931,2
43932,2
43933,2
43934,2
43935,2
43936,2
43937,2
43938,2
43939,2
43940,2
43941,2
43942,2
43943,2
43944,2
43945,2
43946,2
43947,2
43948,2
43949,2
43950,2
43951,2
43952,2
43953,2
43954,2
43955,2
43956,2
43957,2
43958,2
43959,2
43960,2
43961,2
43962,2
43963,2
43964,2
43965,2
43966,2
43967,2
43968,2
43969,1
43970,2
43971,2
43972,2
43973,2
43974,2
43975,2
43976,2
43977,1
43978,2
43979,2
43980,2
43981,2
43982,2
43983,2
43984,2
43985,2
43986,2
43987,2
43988,2
43989,2
43990,2
43991,2
43992,2
43993,2
43994,2
43995,1
43996,2
43997,2
43998,2
43999,2
44000,1
44001,2
44002,2
44003,1
44004,2
44005,1
44006,2
44007,2
44008,1
44009,2
44010,2
44011,2
44012,2
44013,2
44014,2
44015,2
44016,2
44017,1
44018,2
44019,2
44020,2
44021,1
44022,2
44023,2
44024,2
44025,2
44026,2
44027,2
44028,2
44029,2
44030,2
44031,2
44032,2
44033,2
44034,2
44035,2
44036,2
44037,2
44038,2
44039,2
44040,2
44041,2
44042,2
44043,2
44044,2
44045,2
44046,2
44047,2
44048,2
44049,2
44050,2
44051,2
44052,2
44053,2
44054,2
44055,2
44056,2
44057,2
44058,2
44059,2
44060,1
44061,2
44062,2
44063,2
44064,2
44065,2
44066,2
44067,2
44068,2
44069,2
44070,2
44071,2
44072,2
44073,2
44074,2
44075,2
44076,1
44077,1
44078,1
44079,1
44080,1
44081,2
44082,1
44083,1
44084,1
44085,1
44086,1
44087,1
44088,1
44089,2
44090,1
44091,2
44092,1
44093,1
44094,1
44095,2
44096,1
44097,1
44098,1
44099,1
44100,1
44101,2
44102,2
44103,1
44104,2
44105,1
44106,2
44107,2
44108,1
44109,1
44110,2
44111,1
44112,1
44113,2
44114,1
44115,1
44116,1
44117,1
44118,1
44119,2
44120,2
44121,1
44122,1
44123,1
44124,1
44125,1
44126,1
44127,1
44128,1
44129,1
44130,1
44131,2
44132,1
44133,1
44134,1
44135,1
44136,1
44137,1
44138,1
44139,1
44140,1
44141,1
44142,1
44143,1
44144,1
44145,2
44146,1
44147,1
44148,1
44149,1
44150,1
44151,2
44152,1
44153,1
44154,1
44155,1
44156,2
44157,1
44158,1
44159,2
44160,1
44161,1
44162,2
44163,1
44164,1
44165,1
44166,1
44167,1
44168,1
44169,1
44170,2
44171,1
44172,1
44173,1
44174,1
44175,1
44176,1
44177,1
44178,1
44179,1
44180,1
44181,1
44182,1
44183,2
44184,1
44185,1
44186,1
44187,1
44188,1
44189,1
44190,1
44191,2
44192,2
44193,1
44194,1
44195,1
44196,2
44197,1
44198,1
44199,1
44200,1
44201,2
44202,1
44203,1
44204,1
44205,1
44206,1
44207,1
44208,1
44209,1
44210,1
44211,1
44212,1
44213,1
44214,1
44215,1
44216,1
44217,1
44218,1
44219,1
44220,1
44221,1
44222,2
44223,1
44224,2
44225,1
44226,2
44227,1
44228,1
44229,2
44230,2
44231,1
44232,1
44233,2
44234,1
44235,1
44236,1
44237,1
44238,1
44239,1
44240,2
44241,1
44242,1
44243,1
44244,2
44245,1
44246,1
44247,1
44248,1
44249,2
44250,1
44251,2
44252,2
44253,1
44254,2
44255,1
44256,1
44257,1
44258,1
44259,1
44260,1
44261,1
44262,1
44263,1
44264,1
44265,1
44266,2
44267,1
44268,1
44269,1
44270,1
44271,1
44272,2
44273,1
44274,1
44275,1
44276,1
44277,2
44278,1
44279,1
44280,1
44281,1
44282,2
44283,1
44284,1
44285,1
44286,1
44287,1
44288,1
44289,1
44290,1
44291,1
44292,1
44293,2
44294,1
44295,1
44296,1
44297,1
44298,2
44299,1
44300,2
44301,2
44302,1
44303,1
44304,1
44305,1
44306,1
44307,1
44308,1
44309,1
44310,2
44311,1
44312,1
44313,2
44314,1
44315,1
44316,1
44317,1
44318,1
44319,1
44320,1
44321,1
44322,1
44323,1
44324,2
44325,1
44326,1
44327,1
44328,2
44329,1
44330,1
44331,1
44332,1
44333,1
44334,1
44335,1
44336,1
44337,1
44338,2
44339,2
44340,1
44341,1
44342,1
44343,1
44344,2
44345,2
44346,1
44347,1
44348,2
44349,1
44350,1
44351,1
44352,1
44353,2
44354,1
44355,1
44356,2
44357,1
44358,2
44359,1
44360,1
44361,2
44362,1
44363,1
44364,1
44365,1
44366,2
44367,1
44368,2
44369,1
44370,1
44371,1
44372,2
44373,1
44374,2
44375,1
44376,1
44377,2
44378,1
44379,2
44380,1
44381,2
44382,1
44383,1
44384,1
44385,1
44386,2
44387,1
44388,1
44389,1
44390,2
44391,1
44392,2
44393,1
44394,1
44395,1
44396,1
44397,2
44398,1
44399,1
44400,1
44401,1
44402,1
44403,1
44404,2
44405,1
44406,1
44407,1
44408,1
44409,2
44410,1
44411,1
44412,1
44413,1
44414,1
44415,1
44416,1
44417,1
44418,1
44419,1
44420,2
44421,1
44422,2
44423,2
44424,1
44425,1
44426,1
44427,2
44428,1
44429,1
44430,1
44431,1
44432,1
44433,2
44434,1
44435,1
44436,1
44437,1
44438,2
44439,1
44440,1
44441,1
44442,1
44443,2
44444,1
44445,1
44446,2
44447,1
44448,1
44449,1
44450,1
44451,1
44452,1
44453,2
44454,1
44455,2
44456,1
44457,1
44458,1
44459,2
44460,2
44461,1
44462,1
44463,1
44464,1
44465,2
44466,1
44467,1
44468,1
44469,2
44470,2
44471,1
44472,1
44473,1
44474,1
44475,1
44476,2
44477,1
44478,1
44479,1
44480,1
44481,1
44482,1
44483,1
44484,1
44485,2
44486,1
44487,1
44488,1
44489,1
44490,2
44491,1
44492,1
44493,1
44494,1
44495,1
44496,1
44497,1
44498,2
44499,1
44500,1
44501,2
44502,1
44503,1
44504,2
44505,1
44506,1
44507,1
44508,2
44509,2
44510,1
44511,1
44512,1
44513,1
44514,1
44515,1
44516,1
44517,1
44518,1
44519,2
44520,1
44521,1
44522,2
44523,1
44524,1
44525,2
44526,2
44527,1
44528,1
44529,1
44530,1
44531,1
44532,1
44533,1
44534,2
44535,1
44536,1
44537,1
44538,2
44539,1
44540,1
44541,1
44542,2
44543,1
44544,1
44545,2
44546,1
44547,1
44548,1
44549,2
44550,1
44551,1
44552,1
44553,1
44554,1
44555,2
44556,1
44557,1
44558,1
44559,1
44560,1
44561,1
44562,1
44563,1
44564,2
44565,2
44566,1
44567,1
44568,1
44569,1
44570,1
44571,1
44572,1
44573,2
44574,1
44575,1
44576,2
44577,2
44578,1
44579,1
44580,1
44581,1
44582,1
44583,1
44584,1
44585,1
44586,1
44587,1
44588,1
44589,2
44590,2
44591,2
44592,1
44593,1
44594,2
44595,2
44596,1
44597,1
44598,1
44599,1
44600,1
44601,1
44602,2
44603,1
44604,1
44605,1
44606,1
44607,1
44608,1
44609,1
44610,1
44611,2
44612,1
44613,2
44614,2
44615,2
44616,1
44617,1
44618,1
44619,1
44620,1
44621,1
44622,1
44623,1
44624,1
44625,1
44626,2
44627,2
44628,1
44629,1
44630,1
44631,1
44632,1
44633,1
44634,1
44635,1
44636,2
44637,1
44638,1
44639,2
44640,1
44641,1
44642,1
44643,2
44644,1
44645,1
44646,2
44647,1
44648,1
44649,1
44650,1
44651,1
44652,1
44653,1
44654,1
44655,1
44656,1
44657,1
44658,1
44659,1
44660,1
44661,1
44662,1
44663,1
44664,2
44665,1
44666,1
44667,1
44668,1
44669,1
44670,2
44671,2
44672,1
44673,2
44674,1
44675,2
44676,1
44677,1
44678,2
44679,2
44680,1
44681,1
44682,1
44683,1
44684,1
44685,1
44686,1
44687,1
44688,1
44689,2
44690,1
44691,1
44692,1
44693,2
44694,1
44695,2
44696,1
44697,1
44698,1
44699,1
44700,2
44701,2
44702,1
44703,1
44704,1
44705,1
44706,1
44707,2
44708,2
44709,1
44710,1
44711,1
44712,1
44713,2
44714,1
44715,1
44716,1
44717,2
44718,1
44719,1
44720,1
44721,1
44722,1
44723,1
44724,1
44725,1
44726,2
44727,1
44728,1
44729,1
44730,2
44731,1
44732,2
44733,2
44734,2
44735,2
44736,1
44737,1
44738,1
44739,1
44740,1
44741,2
44742,2
44743,1
44744,2
44745,1
44746,2
44747,1
44748,1
44749,1
44750,2
44751,2
44752,1
44753,2
44754,2
44755,1
44756,1
44757,1
44758,1
44759,1
44760,1
44761,1
44762,1
44763,1
44764,1
44765,1
44766,1
44767,1
44768,2
44769,1
44770,2
44771,2
44772,1
44773,1
44774,2
44775,1
44776,2
44777,1
44778,2
44779,1
44780,1
44781,1
44782,1
44783,2
44784,1
44785,1
44786,2
44787,1
44788,1
44789,2
44790,1
44791,1
44792,1
44793,2
44794,1
44795,2
44796,2
44797,1
44798,1
44799,1
44800,1
44801,1
44802,2
44803,1
44804,1
44805,1
44806,1
44807,2
44808,1
44809,1
44810,1
44811,2
44812,1
44813,2
44814,1
44815,1
44816,2
44817,1
44818,2
44819,1
44820,1
44821,1
44822,1
44823,1
44824,1
44825,1
44826,1
44827,2
44828,1
44829,1
44830,1
44831,1
44832,1
44833,1
44834,1
44835,1
44836,2
44837,1
44838,1
44839,1
44840,2
44841,2
44842,1
44843,1
44844,1
44845,1
44846,1
44847,1
44848,1
44849,1
44850,1
44851,1
44852,2
44853,1
44854,1
44855,2
44856,1
44857,1
44858,1
44859,1
44860,1
44861,1
44862,1
44863,1
44864,1
44865,1
44866,1
44867,2
44868,1
44869,1
44870,2
44871,1
44872,2
44873,1
44874,1
44875,1
44876,2
44877,2
44878,1
44879,1
44880,1
44881,2
44882,2
44883,1
44884,2
44885,1
44886,2
44887,1
44888,2
44889,1
44890,1
44891,2
44892,1
44893,1
44894,1
44895,1
44896,2
44897,2
44898,1
44899,2
44900,1
44901,2
44902,2
44903,2
44904,1
44905,1
44906,1
44907,1
44908,1
44909,1
44910,1
44911,1
44912,1
44913,1
44914,1
44915,1
44916,1
44917,1
44918,1
44919,1
44920,1
44921,2
44922,2
44923,1
44924,2
44925,1
44926,1
44927,1
44928,1
44929,1
44930,1
44931,1
44932,1
44933,1
44934,1
44935,1
44936,2
44937,2
44938,1
44939,1
44940,1
44941,1
44942,2
44943,1
44944,2
44945,1
44946,1
44947,1
44948,2
44949,1
44950,1
44951,1
44952,1
44953,1
44954,1
44955,1
44956,1
44957,2
44958,1
44959,1
44960,1
44961,1
44962,1
44963,1
44964,1
44965,1
44966,1
44967,1
44968,1
44969,1
44970,1
44971,1
44972,1
44973,1
44974,1
44975,1
44976,1
44977,1
44978,1
44979,1
44980,1
44981,2
44982,1
44983,1
44984,1
44985,2
44986,2
44987,1
44988,1
44989,1
44990,1
44991,1
44992,1
44993,1
44994,1
44995,1
44996,2
44997,2
44998,1
44999,2
45000,1
45001,1
45002,2
45003,1
45004,1
45005,1
45006,1
45007,1
45008,2
45009,1
45010,1
45011,2
45012,2
45013,2
45014,2
45015,2
45016,1
45017,1
45018,2
45019,1
45020,1
45021,2
45022,2
45023,1
45024,1
45025,1
45026,1
45027,2
45028,1
45029,1
45030,1
45031,1
45032,2
45033,1
45034,1
45035,1
45036,1
45037,1
45038,1
45039,1
45040,1
45041,2
45042,2
45043,1
45044,1
45045,1
45046,2
45047,2
45048,2
45049,1
45050,1
45051,1
45052,1
45053,2
45054,1
45055,1
45056,1
45057,1
45058,1
45059,1
45060,1
45061,1
45062,1
45063,2
45064,2
45065,2
45066,1
45067,2
45068,2
45069,1
45070,1
45071,1
45072,1
45073,1
45074,2
45075,1
45076,1
45077,1
45078,1
45079,1
45080,1
45081,2
45082,1
45083,2
45084,1
45085,1
45086,1
45087,1
45088,2
45089,2
45090,2
45091,1
45092,1
45093,1
45094,2
45095,1
45096,2
45097,1
45098,2
45099,1
45100,1
45101,1
45102,2
45103,1
45104,1
45105,2
45106,1
45107,1
45108,1
45109,1
45110,2
45111,1
45112,1
45113,1
45114,1
45115,1
45116,1
45117,1
45118,2
45119,1
45120,1
45121,1
45122,1
45123,1
45124,2
45125,2
45126,1
45127,2
45128,2
45129,1
45130,1
45131,1
45132,1
45133,1
45134,1
45135,1
45136,2
45137,1
45138,1
45139,1
45140,2
45141,1
45142,2
45143,1
45144,2
45145,2
45146,1
45147,1
45148,1
45149,1
45150,2
45151,1
45152,1
45153,1
45154,1
45155,1
45156,1
45157,1
45158,1
45159,1
45160,1
45161,1
45162,2
45163,2
45164,1
45165,1
45166,1
45167,1
45168,1
45169,1
45170,1
45171,1
45172,1
45173,1
45174,1
45175,1
45176,1
45177,1
45178,1
45179,1
45180,1
45181,1
45182,1
45183,2
45184,1
45185,2
45186,1
45187,2
45188,1
45189,2
45190,1
45191,1
45192,1
45193,1
45194,1
45195,1
45196,2
45197,1
45198,1
45199,1
45200,1
45201,1
45202,1
45203,1
45204,1
45205,1
45206,1
45207,1
45208,1
45209,1
45210,1
45211,1
45212,1
45213,1
45214,1
45215,2
45216,1
45217,2
45218,1
45219,1
45220,1
45221,1
45222,1
45223,1
45224,1
45225,2
45226,1
45227,1
45228,1
45229,1
45230,2
45231,1
45232,2
45233,1
45234,1
45235,1
45236,1
45237,2
45238,1
45239,2
45240,1
45241,1
45242,2
45243,1
45244,1
45245,1
45246,2
45247,1
45248,2
45249,1
45250,1
45251,1
45252,1
45253,1
45254,1
45255,1
45256,2
45257,1
45258,1
45259,1
45260,1
45261,1
45262,2
45263,2
45264,1
45265,1
45266,1
45267,1
45268,1
45269,1
45270,1
45271,1
45272,1
45273,1
45274,1
45275,2
45276,1
45277,1
45278,1
45279,2
45280,1
45281,1
45282,1
45283,2
45284,2
45285,1
45286,1
45287,1
45288,1
45289,1
45290,1
45291,1
45292,1
45293,1
45294,2
45295,1
45296,1
45297,2
45298,1
45299,2
45300,1
45301,2
45302,1
45303,1
45304,1
45305,1
45306,1
45307,2
45308,1
45309,1
45310,1
45311,1
45312,1
45313,2
45314,1
45315,1
45316,1
45317,1
45318,1
45319,1
45320,2
45321,2
45322,1
45323,1
45324,1
45325,1
45326,1
45327,1
45328,1
45329,1
45330,1
45331,1
45332,1
45333,1
45334,1
45335,1
45336,2
45337,1
45338,2
45339,2
45340,1
45341,1
45342,2
45343,2
45344,2
45345,2
45346,1
45347,1
45348,1
45349,1
45350,1
45351,1
45352,2
45353,1
45354,1
45355,1
45356,1
45357,1
45358,1
45359,1
45360,1
45361,1
45362,1
45363,2
45364,1
45365,2
45366,2
45367,1
45368,1
45369,2
45370,1
45371,1
45372,2
45373,1
45374,1
45375,1
45376,1
45377,1
45378,1
45379,1
45380,1
45381,1
45382,1
45383,1
45384,2
45385,2
45386,1
45387,1
45388,1
45389,1
45390,1
45391,1
45392,1
45393,1
45394,1
45395,1
45396,1
45397,1
45398,1
45399,1
45400,1
45401,1
45402,1
45403,1
45404,1
45405,1
45406,1
45407,1
45408,1
45409,1
45410,2
45411,1
45412,1
45413,2
45414,1
45415,1
45416,1
45417,1
45418,1
45419,1
45420,1
45421,2
45422,1
45423,1
45424,1
45425,1
45426,1
45427,2
45428,1
45429,1
45430,1
45431,1
45432,1
45433,1
45434,2
45435,1
45436,1
45437,1
45438,2
45439,1
45440,1
45441,1
45442,1
45443,1
45444,1
45445,1
45446,1
45447,1
45448,1
45449,1
45450,1
45451,1
45452,1
45453,1
45454,1
45455,2
45456,1
45457,1
45458,1
45459,1
45460,1
45461,1
45462,1
45463,2
45464,2
45465,2
45466,1
45467,1
45468,2
45469,1
45470,1
45471,1
45472,1
45473,1
45474,1
45475,1
45476,1
45477,1
45478,1
45479,2
45480,1
45481,1
45482,1
45483,2
45484,1
45485,2
45486,1
45487,1
45488,1
45489,1
45490,1
45491,2
45492,1
45493,1
45494,1
45495,2
45496,1
45497,1
45498,1
45499,1
45500,1
45501,1
45502,1
45503,2
45504,1
45505,1
45506,2
45507,2
45508,1
45509,1
45510,1
45511,1
45512,2
45513,2
45514,2
45515,1
45516,1
45517,1
45518,1
45519,1
45520,2
45521,1
45522,1
45523,1
45524,1
45525,1
45526,2
45527,1
45528,1
45529,1
45530,1
45531,1
45532,1
45533,1
45534,1
45535,2
45536,1
45537,1
45538,1
45539,1
45540,1
45541,1
45542,1
45543,1
45544,1
45545,1
45546,1
45547,2
45548,2
45549,1
45550,1
45551,2
45552,1
45553,2
45554,1
45555,2
45556,2
45557,1
45558,1
45559,1
45560,1
45561,1
45562,1
45563,2
45564,1
45565,2
45566,1
45567,1
45568,1
45569,1
45570,2
45571,1
45572,1
45573,1
45574,1
45575,1
45576,1
45577,1
45578,2
45579,1
45580,1
45581,1
45582,2
45583,1
45584,2
45585,1
45586,1
45587,1
45588,1
45589,1
45590,1
45591,1
45592,1
45593,1
45594,1
45595,1
45596,1
45597,1
45598,1
45599,1
45600,1
45601,1
45602,1
45603,2
45604,1
45605,1
45606,2
45607,2
45608,1
45609,1
45610,1
45611,1
45612,1
45613,1
45614,1
45615,1
45616,2
45617,1
45618,2
45619,1
45620,1
45621,1
45622,1
45623,1
45624,1
45625,1
45626,1
45627,1
45628,1
45629,1
45630,1
45631,1
45632,1
45633,1
45634,2
45635,1
45636,2
45637,1
45638,1
45639,2
45640,2
45641,1
45642,1
45643,1
45644,1
45645,1
45646,1
45647,2
45648,1
45649,1
45650,1
45651,1
45652,1
45653,1
45654,1
45655,1
45656,1
45657,1
45658,1
45659,1
45660,1
45661,1
45662,1
45663,1
45664,1
45665,1
45666,1
45667,1
45668,2
45669,2
45670,1
45671,1
45672,1
45673,1
45674,1
45675,1
45676,2
45677,2
45678,1
45679,1
45680,1
45681,1
45682,2
45683,1
45684,2
45685,1
45686,1
45687,1
45688,1
45689,1
45690,2
45691,2
45692,1
45693,1
45694,1
45695,2
45696,1
45697,1
45698,1
45699,1
45700,1
45701,1
45702,1
45703,1
45704,1
45705,2
45706,2
45707,2
45708,1
45709,1
45710,1
45711,1
45712,1
45713,1
45714,1
45715,1
45716,2
45717,1
45718,2
45719,2
45720,1
45721,1
45722,1
45723,1
45724,2
45725,1
45726,1
45727,1
45728,1
45729,1
45730,1
45731,1
45732,1
45733,1
45734,1
45735,1
45736,1
45737,1
45738,1
45739,1
45740,1
45741,2
45742,1
45743,1
45744,2
45745,2
45746,1
45747,1
45748,2
45749,1
45750,2
45751,2
45752,1
45753,1
45754,1
45755,2
45756,2
45757,1
45758,1
45759,1
45760,1
45761,1
45762,2
45763,1
45764,1
45765,1
45766,2
45767,1
45768,1
45769,1
45770,1
45771,1
45772,1
45773,1
45774,1
45775,1
45776,1
45777,1
45778,2
45779,1
45780,2
45781,1
45782,1
45783,1
45784,1
45785,1
45786,1
45787,1
45788,1
45789,2
45790,1
45791,1
45792,2
45793,1
45794,1
45795,1
45796,1
45797,1
45798,2
45799,1
45800,1
45801,2
45802,1
45803,1
45804,2
45805,1
45806,1
45807,1
45808,1
45809,1
45810,1
45811,1
45812,1
45813,2
45814,1
45815,1
45816,1
45817,1
45818,1
45819,1
45820,1
45821,2
45822,2
45823,1
45824,1
45825,1
45826,1
45827,1
45828,2
45829,2
45830,2
45831,1
45832,2
45833,1
45834,2
45835,1
45836,2
45837,1
45838,1
45839,1
45840,1
45841,1
45842,2
45843,1
45844,2
45845,1
45846,1
45847,1
45848,1
45849,2
45850,1
45851,1
45852,1
45853,1
45854,1
45855,2
45856,1
45857,1
45858,1
45859,1
45860,1
45861,2
45862,1
45863,1
45864,1
45865,1
45866,2
45867,1
45868,1
45869,2
45870,1
45871,2
45872,1
45873,1
45874,1
45875,1
45876,1
45877,1
45878,1
45879,1
45880,2
45881,1
45882,1
45883,1
45884,1
45885,1
45886,1
45887,2
45888,1
45889,1
45890,1
45891,1
45892,1
45893,1
45894,1
45895,1
45896,1
45897,1
45898,1
45899,1
45900,2
45901,1
45902,1
45903,1
45904,1
45905,1
45906,2
45907,1
45908,1
45909,2
45910,1
45911,1
45912,1
45913,1
45914,2
45915,2
45916,1
45917,1
45918,2
45919,2
45920,1
45921,1
45922,2
45923,1
45924,1
45925,1
45926,1
45927,1
45928,1
45929,1
45930,1
45931,1
45932,1
45933,1
45934,2
45935,1
45936,2
45937,1
45938,1
45939,1
45940,1
45941,2
45942,1
45943,1
45944,2
45945,1
45946,1
45947,2
45948,1
45949,1
45950,1
45951,2
45952,1
45953,2
45954,2
45955,1
45956,1
45957,2
45958,1
45959,2
45960,1
45961,2
45962,1
45963,1
45964,1
45965,1
45966,1
45967,2
45968,1
45969,2
45970,2
45971,1
45972,1
45973,1
45974,1
45975,1
45976,2
45977,1
45978,2
45979,1
45980,1
45981,1
45982,1
45983,1
45984,2
45985,1
45986,1
45987,1
45988,2
45989,1
45990,1
45991,1
45992,1
45993,2
45994,1
45995,2
45996,2
45997,1
45998,2
45999,1
46000,1
46001,1
46002,1
46003,1
46004,1
46005,1
46006,1
46007,2
46008,2
46009,1
46010,1
46011,2
46012,2
46013,1
46014,1
46015,2
46016,1
46017,1
46018,1
46019,1
46020,2
46021,1
46022,1
46023,1
46024,1
46025,1
46026,1
46027,2
46028,2
46029,1
46030,1
46031,1
46032,1
46033,1
46034,1
46035,1
46036,1
46037,2
46038,1
46039,1
46040,1
46041,1
46042,1
46043,2
46044,1
46045,1
46046,1
46047,1
46048,1
46049,1
46050,1
46051,1
46052,1
46053,2
46054,1
46055,2
46056,1
46057,1
46058,1
46059,1
46060,2
46061,1
46062,1
46063,2
46064,1
46065,1
46066,1
46067,1
46068,1
46069,1
46070,1
46071,2
46072,2
46073,1
46074,2
46075,1
46076,1
46077,1
46078,1
46079,2
46080,1
46081,1
46082,1
46083,2
46084,1
46085,1
46086,1
46087,1
46088,1
46089,2
46090,1
46091,1
46092,2
46093,1
46094,1
46095,1
46096,1
46097,1
46098,1
46099,1
46100,1
46101,2
46102,2
46103,1
46104,2
46105,1
46106,1
46107,1
46108,1
46109,1
46110,1
46111,1
46112,1
46113,1
46114,1
46115,2
46116,1
46117,1
46118,1
46119,2
46120,1
46121,1
46122,1
46123,1
46124,1
46125,1
46126,1
46127,1
46128,1
46129,1
46130,1
46131,1
46132,1
46133,1
46134,1
46135,1
46136,2
46137,1
46138,1
46139,1
46140,1
46141,1
46142,1
46143,1
46144,1
46145,1
46146,1
46147,1
46148,2
46149,1
46150,1
46151,1
46152,1
46153,2
46154,1
46155,1
46156,1
46157,2
46158,1
46159,1
46160,1
46161,1
46162,1
46163,1
46164,1
46165,1
46166,1
46167,1
46168,1
46169,2
46170,1
46171,1
46172,1
46173,1
46174,1
46175,1
46176,2
46177,1
46178,2
46179,1
46180,1
46181,1
46182,2
46183,1
46184,2
46185,1
46186,1
46187,1
46188,1
46189,2
46190,1
46191,1
46192,1
46193,1
46194,1
46195,1
46196,1
46197,1
46198,1
46199,1
46200,1
46201,2
46202,1
46203,1
46204,1
46205,1
46206,1
46207,1
46208,1
46209,1
46210,1
46211,1
46212,1
46213,1
46214,1
46215,1
46216,1
46217,1
46218,1
46219,1
46220,1
46221,1
46222,2
46223,1
46224,2
46225,2
46226,2
46227,1
46228,1
46229,2
46230,1
46231,2
46232,1
46233,1
46234,1
46235,1
46236,1
46237,1
46238,1
46239,1
46240,1
46241,2
46242,2
46243,2
46244,1
46245,1
46246,1
46247,1
46248,1
46249,1
46250,2
46251,1
46252,2
46253,1
46254,1
46255,1
46256,2
46257,1
46258,1
46259,1
46260,2
46261,1
46262,1
46263,2
46264,1
46265,1
46266,1
46267,1
46268,1
46269,1
46270,1
46271,1
46272,1
46273,1
46274,1
46275,1
46276,1
46277,1
46278,1
46279,1
46280,1
46281,1
46282,1
46283,1
46284,1
46285,1
46286,1
46287,1
46288,2
46289,1
46290,1
46291,1
46292,1
46293,1
46294,1
46295,1
46296,1
46297,2
46298,2
46299,2
46300,2
46301,1
46302,1
46303,2
46304,2
46305,1
46306,1
46307,1
46308,1
46309,1
46310,1
46311,1
46312,1
46313,1
46314,1
46315,2
46316,2
46317,2
46318,1
46319,1
46320,1
46321,1
46322,1
46323,2
46324,1
46325,2
46326,2
46327,1
46328,1
46329,1
46330,1
46331,1
46332,2
46333,1
46334,1
46335,1
46336,1
46337,1
46338,1
46339,1
46340,1
46341,1
46342,1
46343,1
46344,1
46345,2
46346,2
46347,1
46348,1
46349,1
46350,2
46351,1
46352,1
46353,1
46354,1
46355,1
46356,1
46357,2
46358,1
46359,2
46360,2
46361,1
46362,1
46363,1
46364,1
46365,1
46366,1
46367,1
46368,1
46369,1
46370,1
46371,1
46372,1
46373,1
46374,1
46375,2
46376,1
46377,1
46378,1
46379,1
46380,1
46381,1
46382,1
46383,1
46384,2
46385,2
46386,1
46387,2
46388,1
46389,1
46390,1
46391,1
46392,2
46393,1
46394,1
46395,1
46396,1
46397,1
46398,1
46399,1
46400,1
46401,1
46402,1
46403,2
46404,2
46405,1
46406,2
46407,1
46408,1
46409,1
46410,1
46411,1
46412,1
46413,2
46414,1
46415,1
46416,2
46417,1
46418,1
46419,1
46420,2
46421,1
46422,1
46423,1
46424,1
46425,2
46426,1
46427,1
46428,1
46429,2
46430,1
46431,1
46432,1
46433,1
46434,1
46435,1
46436,1
46437,1
46438,1
46439,2
46440,2
46441,1
46442,1
46443,1
46444,1
46445,1
46446,1
46447,1
46448,1
46449,1
46450,2
46451,1
46452,1
46453,1
46454,2
46455,2
46456,1
46457,1
46458,1
46459,2
46460,1
46461,1
46462,1
46463,1
46464,2
46465,1
46466,1
46467,1
46468,1
46469,1
46470,1
46471,1
46472,2
46473,2
46474,1
46475,1
46476,1
46477,1
46478,2
46479,1
46480,1
46481,1
46482,1
46483,1
46484,1
46485,1
46486,2
46487,1
46488,1
46489,1
46490,1
46491,1
46492,1
46493,1
46494,1
46495,1
46496,1
46497,1
46498,1
46499,1
46500,1
46501,1
46502,1
46503,1
46504,1
46505,1
46506,1
46507,1
46508,1
46509,1
46510,1
46511,1
46512,2
46513,1
46514,1
46515,1
46516,2
46517,1
46518,1
46519,1
46520,1
46521,1
46522,2
46523,1
46524,2
46525,1
46526,1
46527,1
46528,1
46529,2
46530,1
46531,1
46532,1
46533,1
46534,2
46535,2
46536,1
46537,1
46538,2
46539,1
46540,2
46541,1
46542,1
46543,1
46544,1
46545,1
46546,1
46547,1
46548,1
46549,1
46550,2
46551,1
46552,2
46553,2
46554,1
46555,1
46556,1
46557,1
46558,1
46559,1
46560,2
46561,1
46562,1
46563,1
46564,1
46565,1
46566,1
46567,1
46568,2
46569,1
46570,1
46571,1
46572,1
46573,1
46574,2
46575,1
46576,1
46577,1
46578,1
46579,1
46580,1
46581,2
46582,2
46583,1
46584,2
46585,1
46586,1
46587,1
46588,2
46589,2
46590,1
46591,1
46592,1
46593,1
46594,1
46595,2
46596,1
46597,1
46598,2
46599,1
46600,1
46601,1
46602,1
46603,1
46604,1
46605,1
46606,1
46607,1
46608,1
46609,1
46610,1
46611,2
46612,1
46613,1
46614,1
46615,1
46616,2
46617,1
46618,1
46619,1
46620,2
46621,1
46622,1
46623,1
46624,1
46625,1
46626,1
46627,2
46628,2
46629,2
46630,1
46631,1
46632,1
46633,2
46634,1
46635,2
46636,1
46637,1
46638,1
46639,2
46640,2
46641,2
46642,1
46643,1
46644,1
46645,2
46646,2
46647,2
46648,1
46649,1
46650,1
46651,1
46652,1
46653,1
46654,1
46655,1
46656,1
46657,1
46658,1
46659,1
46660,2
46661,1
46662,1
46663,1
46664,1
46665,1
46666,1
46667,1
46668,1
46669,1
46670,2
46671,1
46672,1
46673,1
46674,1
46675,1
46676,2
46677,1
46678,1
46679,1
46680,1
46681,2
46682,1
46683,1
46684,1
46685,1
46686,1
46687,1
46688,1
46689,1
46690,1
46691,2
46692,2
46693,1
46694,1
46695,1
46696,1
46697,1
46698,1
46699,1
46700,1
46701,1
46702,2
46703,1
46704,1
46705,1
46706,1
46707,2
46708,1
46709,1
46710,2
46711,1
46712,1
46713,2
46714,2
46715,1
46716,1
46717,1
46718,1
46719,1
46720,1
46721,2
46722,1
46723,1
46724,2
46725,1
46726,2
46727,1
46728,2
46729,1
46730,2
46731,1
46732,1
46733,1
46734,1
46735,1
46736,2
46737,1
46738,1
46739,1
46740,1
46741,1
46742,1
46743,2
46744,1
46745,1
46746,1
46747,2
46748,1
46749,1
46750,1
46751,1
46752,1
46753,1
46754,2
46755,1
46756,1
46757,1
46758,1
46759,1
46760,1
46761,2
46762,1
46763,1
46764,1
46765,2
46766,1
46767,1
46768,1
46769,1
46770,1
46771,1
46772,2
46773,1
46774,1
46775,2
46776,1
46777,1
46778,2
46779,1
46780,2
46781,1
46782,1
46783,1
46784,1
46785,1
46786,1
46787,1
46788,1
46789,2
46790,2
46791,2
46792,2
46793,1
46794,1
46795,1
46796,1
46797,1
46798,1
46799,1
46800,2
46801,1
46802,1
46803,1
46804,1
46805,2
46806,1
46807,1
46808,1
46809,1
46810,1
46811,1
46812,2
46813,1
46814,2
46815,1
46816,1
46817,1
46818,1
46819,1
46820,1
46821,2
46822,1
46823,2
46824,2
46825,1
46826,1
46827,1
46828,1
46829,1
46830,1
46831,2
46832,1
46833,1
46834,1
46835,1
46836,1
46837,1
46838,1
46839,2
46840,1
46841,2
46842,1
46843,1
46844,1
46845,1
46846,1
46847,2
46848,1
46849,1
46850,2
46851,1
46852,2
46853,2
46854,1
46855,2
46856,1
46857,1
46858,1
46859,2
46860,1
46861,2
46862,2
46863,1
46864,2
46865,2
46866,2
46867,1
46868,1
46869,1
46870,1
46871,2
46872,2
46873,1
46874,2
46875,1
46876,1
46877,1
46878,1
46879,1
46880,1
46881,1
46882,1
46883,2
46884,2
46885,1
46886,1
46887,1
46888,1
46889,2
46890,2
46891,1
46892,1
46893,1
46894,2
46895,1
46896,1
46897,1
46898,2
46899,1
46900,2
46901,1
46902,1
46903,2
46904,1
46905,1
46906,1
46907,1
46908,1
46909,1
46910,1
46911,1
46912,1
46913,2
46914,1
46915,1
46916,1
46917,1
46918,2
46919,1
46920,2
46921,2
46922,1
46923,1
46924,2
46925,2
46926,1
46927,2
46928,1
46929,2
46930,1
46931,1
46932,1
46933,1
46934,1
46935,2
46936,1
46937,1
46938,1
46939,2
46940,1
46941,1
46942,1
46943,1
46944,1
46945,2
46946,1
46947,1
46948,1
46949,1
46950,1
46951,1
46952,2
46953,1
46954,2
46955,1
46956,1
46957,2
46958,2
46959,1
46960,1
46961,2
46962,2
46963,1
46964,1
46965,1
46966,2
46967,2
46968,1
46969,2
46970,1
46971,1
46972,1
46973,1
46974,1
46975,1
46976,1
46977,1
46978,1
46979,1
46980,1
46981,1
46982,1
46983,1
46984,1
46985,1
46986,1
46987,1
46988,1
46989,2
46990,2
46991,1
46992,1
46993,2
46994,1
46995,1
46996,1
46997,2
46998,1
46999,1
47000,1
47001,2
47002,1
47003,1
47004,1
47005,1
47006,1
47007,1
47008,1
47009,1
47010,2
47011,1
47012,2
47013,1
47014,1
47015,1
47016,1
47017,1
47018,1
47019,1
47020,1
47021,1
47022,2
47023,1
47024,1
47025,1
47026,1
47027,1
47028,1
47029,1
47030,1
47031,1
47032,1
47033,2
47034,2
47035,1
47036,1
47037,1
47038,2
47039,1
47040,1
47041,1
47042,1
47043,2
47044,1
47045,1
47046,1
47047,2
47048,1
47049,1
47050,2
47051,1
47052,1
47053,1
47054,1
47055,1
47056,1
47057,1
47058,1
47059,1
47060,1
47061,1
47062,1
47063,1
47064,1
47065,1
47066,1
47067,2
47068,1
47069,2
47070,1
47071,1
47072,1
47073,2
47074,1
47075,1
47076,1
47077,1
47078,1
47079,1
47080,1
47081,2
47082,1
47083,1
47084,1
47085,2
47086,2
47087,1
47088,2
47089,1
47090,1
47091,1
47092,1
47093,2
47094,1
47095,2
47096,1
47097,1
47098,2
47099,1
47100,1
47101,1
47102,1
47103,1
47104,1
47105,1
47106,1
47107,1
47108,1
47109,1
47110,1
47111,1
47112,2
47113,2
47114,2
47115,1
47116,1
47117,1
47118,1
47119,1
47120,1
47121,1
47122,1
47123,1
47124,2
47125,1
47126,1
47127,1
47128,1
47129,1
47130,1
47131,1
47132,2
47133,1
47134,1
47135,1
47136,1
47137,1
47138,1
47139,2
47140,1
47141,1
47142,1
47143,2
47144,1
47145,1
47146,1
47147,1
47148,1
47149,1
47150,1
47151,2
47152,2
47153,1
47154,2
47155,2
47156,2
47157,1
47158,1
47159,2
47160,1
47161,1
47162,2
47163,1
47164,1
47165,1
47166,1
47167,1
47168,1
47169,2
47170,1
47171,1
47172,1
47173,1
47174,1
47175,1
47176,1
47177,1
47178,1
47179,1
47180,1
47181,1
47182,2
47183,1
47184,1
47185,1
47186,2
47187,1
47188,1
47189,1
47190,1
47191,1
47192,1
47193,1
47194,1
47195,1
47196,1
47197,1
47198,1
47199,1
47200,2
47201,1
47202,1
47203,1
47204,1
47205,1
47206,1
47207,1
47208,2
47209,1
47210,2
47211,1
47212,1
47213,1
47214,1
47215,1
47216,1
47217,1
47218,1
47219,1
47220,1
47221,1
47222,1
47223,1
47224,1
47225,2
47226,1
47227,1
47228,1
47229,1
47230,1
47231,1
47232,1
47233,1
47234,1
47235,1
47236,1
47237,2
47238,2
47239,2
47240,1
47241,1
47242,1
47243,1
47244,1
47245,2
47246,1
47247,1
47248,2
47249,2
47250,1
47251,1
47252,1
47253,1
47254,1
47255,1
47256,1
47257,1
47258,2
47259,1
47260,1
47261,1
47262,1
47263,2
47264,1
47265,1
47266,1
47267,2
47268,2
47269,1
47270,1
47271,1
47272,1
47273,1
47274,1
47275,1
47276,2
47277,1
47278,1
47279,1
47280,2
47281,1
47282,1
47283,1
47284,1
47285,1
47286,2
47287,2
47288,1
47289,1
47290,1
47291,1
47292,1
47293,1
47294,1
47295,1
47296,1
47297,2
47298,2
47299,1
47300,1
47301,1
47302,1
47303,1
47304,1
47305,2
47306,1
47307,2
47308,1
47309,1
47310,1
47311,1
47312,1
47313,1
47314,1
47315,1
47316,1
47317,1
47318,2
47319,2
47320,1
47321,1
47322,1
47323,2
47324,1
47325,1
47326,1
47327,1
47328,1
47329,1
47330,2
47331,1
47332,1
47333,1
47334,1
47335,1
47336,1
47337,1
47338,1
47339,1
47340,1
47341,1
47342,1
47343,1
47344,1
47345,1
47346,1
47347,1
47348,2
47349,2
47350,1
47351,1
47352,2
47353,1
47354,1
47355,1
47356,1
47357,1
47358,2
47359,1
47360,2
47361,1
47362,2
47363,1
47364,1
47365,2
47366,1
47367,1
47368,1
47369,1
47370,1
47371,2
47372,2
47373,1
47374,1
47375,1
47376,2
47377,2
47378,2
47379,1
47380,1
47381,1
47382,1
47383,2
47384,1
47385,2
47386,1
47387,1
47388,1
47389,1
47390,1
47391,1
47392,2
47393,1
47394,1
47395,2
47396,1
47397,1
47398,1
47399,1
47400,1
47401,1
47402,1
47403,1
47404,1
47405,1
47406,1
47407,1
47408,1
47409,1
47410,1
47411,1
47412,1
47413,1
47414,1
47415,2
47416,2
47417,1
47418,2
47419,1
47420,1
47421,1
47422,1
47423,1
47424,1
47425,1
47426,1
47427,1
47428,1
47429,1
47430,1
47431,1
47432,2
47433,1
47434,1
47435,1
47436,1
47437,2
47438,1
47439,1
47440,1
47441,1
47442,1
47443,2
47444,1
47445,1
47446,1
47447,2
47448,1
47449,1
47450,1
47451,1
47452,1
47453,1
47454,1
47455,1
47456,1
47457,2
47458,1
47459,1
47460,1
47461,1
47462,1
47463,1
47464,1
47465,1
47466,1
47467,2
47468,1
47469,1
47470,1
47471,1
47472,1
47473,1
47474,2
47475,1
47476,2
47477,1
47478,1
47479,1
47480,1
47481,1
47482,1
47483,1
47484,2
47485,1
47486,1
47487,1
47488,1
47489,1
47490,1
47491,1
47492,1
47493,2
47494,1
47495,2
47496,1
47497,1
47498,1
47499,1
47500,1
47501,1
47502,1
47503,1
47504,1
47505,1
47506,1
47507,2
47508,1
47509,1
47510,1
47511,2
47512,1
47513,1
47514,1
47515,1
47516,1
47517,1
47518,1
47519,1
47520,1
47521,1
47522,1
47523,1
47524,1
47525,2
47526,2
47527,1
47528,1
47529,1
47530,1
47531,1
47532,1
47533,1
47534,2
47535,1
47536,1
47537,1
47538,1
47539,1
47540,1
47541,1
47542,2
47543,1
47544,2
47545,1
47546,1
47547,1
47548,1
47549,2
47550,1
47551,1
47552,1
47553,1
47554,2
47555,1
47556,1
47557,1
47558,2
47559,1
47560,2
47561,1
47562,2
47563,2
47564,1
47565,1
47566,2
47567,1
47568,1
47569,1
47570,1
47571,1
47572,2
47573,1
47574,2
47575,2
47576,2
47577,1
47578,1
47579,1
47580,2
47581,1
47582,2
47583,1
47584,1
47585,1
47586,1
47587,1
47588,1
47589,1
47590,1
47591,2
47592,1
47593,1
47594,1
47595,2
47596,1
47597,2
47598,1
47599,1
47600,1
47601,1
47602,2
47603,1
47604,1
47605,1
47606,1
47607,1
47608,1
47609,1
47610,2
47611,1
47612,1
47613,2
47614,2
47615,1
47616,1
47617,2
47618,1
47619,1
47620,1
47621,1
47622,1
47623,1
47624,1
47625,1
47626,1
47627,1
47628,1
47629,1
47630,1
47631,1
47632,1
47633,1
47634,1
47635,1
47636,1
47637,1
47638,1
47639,1
47640,1
47641,1
47642,1
47643,2
47644,1
47645,1
47646,1
47647,1
47648,1
47649,1
47650,1
47651,2
47652,1
47653,1
47654,2
47655,1
47656,1
47657,1
47658,2
47659,2
47660,1
47661,1
47662,1
47663,1
47664,1
47665,1
47666,1
47667,2
47668,1
47669,1
47670,1
47671,1
47672,1
47673,1
47674,1
47675,1
47676,1
47677,2
47678,1
47679,1
47680,2
47681,1
47682,1
47683,1
47684,1
47685,1
47686,1
47687,1
47688,1
47689,1
47690,1
47691,2
47692,1
47693,1
47694,1
47695,1
47696,2
47697,1
47698,1
47699,2
47700,2
47701,1
47702,1
47703,1
47704,1
47705,2
47706,2
47707,1
47708,1
47709,1
47710,2
47711,1
47712,1
47713,2
47714,1
47715,2
47716,2
47717,1
47718,1
47719,1
47720,1
47721,1
47722,1
47723,1
47724,1
47725,1
47726,1
47727,1
47728,1
47729,2
47730,1
47731,1
47732,1
47733,1
47734,1
47735,1
47736,1
47737,1
47738,1
47739,1
47740,1
47741,1
47742,2
47743,1
47744,1
47745,1
47746,1
47747,1
47748,1
47749,1
47750,1
47751,2
47752,1
47753,1
47754,2
47755,1
47756,1
47757,2
47758,1
47759,1
47760,1
47761,1
47762,2
47763,1
47764,1
47765,1
47766,1
47767,1
47768,1
47769,1
47770,1
47771,1
47772,2
47773,1
47774,2
47775,1
47776,1
47777,1
47778,1
47779,2
47780,2
47781,1
47782,2
47783,1
47784,1
47785,1
47786,1
47787,1
47788,2
47789,1
47790,2
47791,1
47792,1
47793,1
47794,2
47795,1
47796,2
47797,1
47798,1
47799,1
47800,1
47801,1
47802,1
47803,1
47804,1
47805,1
47806,1
47807,1
47808,1
47809,1
47810,1
47811,1
47812,1
47813,1
47814,1
47815,1
47816,1
47817,1
47818,1
47819,1
47820,1
47821,1
47822,1
47823,1
47824,1
47825,2
47826,1
47827,1
47828,1
47829,1
47830,1
47831,2
47832,1
47833,1
47834,1
47835,1
47836,1
47837,1
47838,2
47839,1
47840,1
47841,1
47842,1
47843,1
47844,2
47845,1
47846,1
47847,1
47848,2
47849,1
47850,2
47851,2
47852,1
47853,1
47854,1
47855,1
47856,1
47857,1
47858,1
47859,1
47860,2
47861,1
47862,2
47863,1
47864,1
47865,1
47866,1
47867,1
47868,2
47869,1
47870,1
47871,1
47872,1
47873,2
47874,1
47875,1
47876,2
47877,1
47878,1
47879,1
47880,1
47881,2
47882,2
47883,1
47884,2
47885,1
47886,2
47887,1
47888,2
47889,1
47890,2
47891,1
47892,2
47893,2
47894,1
47895,1
47896,1
47897,1
47898,1
47899,1
47900,2
47901,1
47902,1
47903,1
47904,1
47905,1
47906,1
47907,1
47908,1
47909,1
47910,1
47911,2
47912,2
47913,1
47914,1
47915,2
47916,1
47917,1
47918,2
47919,1
47920,1
47921,1
47922,1
47923,1
47924,1
47925,1
47926,2
47927,2
47928,1
47929,1
47930,1
47931,1
47932,2
47933,1
47934,2
47935,1
47936,1
47937,1
47938,2
47939,1
47940,1
47941,1
47942,2
47943,2
47944,1
47945,1
47946,1
47947,1
47948,2
47949,1
47950,2
47951,2
47952,1
47953,1
47954,1
47955,1
47956,1
47957,2
47958,1
47959,1
47960,1
47961,1
47962,1
47963,2
47964,1
47965,1
47966,2
47967,1
47968,1
47969,1
47970,1
47971,1
47972,2
47973,1
47974,1
47975,1
47976,2
47977,1
47978,1
47979,1
47980,1
47981,1
47982,1
47983,1
47984,1
47985,2
47986,1
47987,1
47988,1
47989,1
47990,2
47991,1
47992,2
47993,1
47994,2
47995,1
47996,1
47997,1
47998,1
47999,1
48000,2
48001,1
48002,1
48003,1
48004,1
48005,1
48006,1
48007,1
48008,1
48009,1
48010,1
48011,1
48012,1
48013,1
48014,2
48015,1
48016,1
48017,1
48018,1
48019,1
48020,1
48021,1
48022,1
48023,2
48024,1
48025,1
48026,1
48027,1
48028,1
48029,1
48030,2
48031,1
48032,2
48033,1
48034,2
48035,2
48036,2
48037,2
48038,1
48039,1
48040,1
48041,1
48042,2
48043,1
48044,1
48045,1
48046,2
48047,1
48048,1
48049,1
48050,1
48051,1
48052,1
48053,1
48054,1
48055,1
48056,1
48057,1
48058,1
48059,2
48060,1
48061,1
48062,1
48063,1
48064,1
48065,1
48066,2
48067,1
48068,2
48069,1
48070,1
48071,1
48072,1
48073,1
48074,1
48075,1
48076,2
48077,2
48078,1
48079,1
48080,2
48081,2
48082,1
48083,1
48084,2
48085,2
48086,2
48087,2
48088,1
48089,1
48090,1
48091,1
48092,1
48093,2
48094,1
48095,2
48096,1
48097,2
48098,1
48099,1
48100,2
48101,1
48102,1
48103,1
48104,1
48105,1
48106,2
48107,1
48108,2
48109,1
48110,1
48111,2
48112,2
48113,1
48114,1
48115,1
48116,1
48117,1
48118,1
48119,1
48120,1
48121,2
48122,1
48123,1
48124,1
48125,1
48126,1
48127,1
48128,1
48129,1
48130,1
48131,1
48132,1
48133,1
48134,2
48135,1
48136,1
48137,1
48138,1
48139,2
48140,1
48141,1
48142,1
48143,2
48144,1
48145,1
48146,1
48147,1
48148,1
48149,1
48150,1
48151,1
48152,2
48153,1
48154,1
48155,2
48156,1
48157,1
48158,1
48159,1
48160,1
48161,1
48162,1
48163,1
48164,1
48165,1
48166,2
48167,1
48168,1
48169,2
48170,2
48171,1
48172,1
48173,2
48174,2
48175,2
48176,1
48177,1
48178,1
48179,1
48180,2
48181,1
48182,2
48183,1
48184,1
48185,1
48186,1
48187,1
48188,1
48189,1
48190,1
48191,1
48192,1
48193,1
48194,1
48195,1
48196,1
48197,1
48198,1
48199,2
48200,1
48201,1
48202,2
48203,1
48204,1
48205,1
48206,1
48207,1
48208,1
48209,1
48210,1
48211,1
48212,1
48213,1
48214,1
48215,1
48216,1
48217,1
48218,1
48219,1
48220,1
48221,2
48222,1
48223,1
48224,1
48225,1
48226,1
48227,2
48228,1
48229,2
48230,1
48231,2
48232,2
48233,1
48234,1
48235,1
48236,1
48237,1
48238,2
48239,2
48240,2
48241,1
48242,1
48243,1
48244,1
48245,1
48246,1
48247,1
48248,1
48249,2
48250,1
48251,1
48252,1
48253,1
48254,2
48255,1
48256,1
48257,2
48258,2
48259,1
48260,1
48261,2
48262,1
48263,1
48264,1
48265,1
48266,1
48267,1
48268,1
48269,1
48270,1
48271,1
48272,1
48273,2
48274,1
48275,1
48276,1
48277,1
48278,1
48279,1
48280,1
48281,1
48282,1
48283,1
48284,1
48285,1
48286,1
48287,2
48288,1
48289,1
48290,1
48291,2
48292,1
48293,1
48294,2
48295,1
48296,1
48297,1
48298,2
48299,1
48300,1
48301,2
48302,1
48303,1
48304,1
48305,1
48306,1
48307,2
48308,1
48309,1
48310,1
48311,1
48312,1
48313,1
48314,2
48315,1
48316,1
48317,1
48318,1
48319,1
48320,1
48321,1
48322,1
48323,1
48324,1
48325,2
48326,1
48327,1
48328,1
48329,2
48330,1
48331,2
48332,1
48333,1
48334,1
48335,1
48336,2
48337,1
48338,2
48339,1
48340,1
48341,1
48342,1
48343,1
48344,1
48345,2
48346,1
48347,1
48348,1
48349,1
48350,2
48351,1
48352,1
48353,1
48354,1
48355,1
48356,2
48357,2
48358,1
48359,1
48360,1
48361,1
48362,1
48363,1
48364,1
48365,2
48366,1
48367,1
48368,1
48369,1
48370,1
48371,1
48372,2
48373,1
48374,1
48375,1
48376,1
48377,1
48378,1
48379,1
48380,1
48381,2
48382,1
48383,1
48384,2
48385,2
48386,1
48387,1
48388,2
48389,1
48390,1
48391,1
48392,2
48393,2
48394,1
48395,1
48396,1
48397,1
48398,2
48399,1
48400,1
48401,1
48402,2
48403,1
48404,1
48405,1
48406,1
48407,1
48408,1
48409,1
48410,2
48411,2
48412,1
48413,2
48414,1
48415,1
48416,1
48417,2
48418,1
48419,2
48420,1
48421,2
48422,1
48423,1
48424,1
48425,1
48426,1
48427,2
48428,1
48429,1
48430,1
48431,2
48432,1
48433,1
48434,1
48435,1
48436,1
48437,2
48438,1
48439,2
48440,1
48441,1
48442,1
48443,2
48444,1
48445,2
48446,2
48447,2
48448,1
48449,1
48450,1
48451,1
48452,1
48453,1
48454,1
48455,1
48456,2
48457,2
48458,2
48459,1
48460,2
48461,1
48462,1
48463,2
48464,1
48465,1
48466,1
48467,1
48468,1
48469,1
48470,2
48471,2
48472,1
48473,2
48474,1
48475,1
48476,1
48477,2
48478,2
48479,1
48480,2
48481,2
48482,1
48483,1
48484,2
48485,1
48486,1
48487,1
48488,1
48489,1
48490,1
48491,1
48492,2
48493,1
48494,1
48495,1
48496,2
48497,1
48498,1
48499,1
48500,1
48501,2
48502,1
48503,2
48504,1
48505,1
48506,1
48507,1
48508,1
48509,1
48510,1
48511,1
48512,1
48513,1
48514,1
48515,1
48516,1
48517,1
48518,1
48519,2
48520,1
48521,2
48522,1
48523,1
48524,2
48525,2
48526,2
48527,2
48528,1
48529,1
48530,2
48531,1
48532,1
48533,1
48534,1
48535,1
48536,1
48537,1
48538,1
48539,2
48540,1
48541,1
48542,1
48543,1
48544,1
48545,1
48546,1
48547,1
48548,1
48549,2
48550,1
48551,1
48552,1
48553,1
48554,1
48555,1
48556,1
48557,1
48558,1
48559,1
48560,1
48561,2
48562,1
48563,2
48564,1
48565,1
48566,1
48567,2
48568,1
48569,1
48570,1
48571,2
48572,1
48573,1
48574,1
48575,1
48576,1
48577,1
48578,1
48579,1
48580,1
48581,1
48582,1
48583,1
48584,1
48585,1
48586,2
48587,1
48588,1
48589,2
48590,1
48591,1
48592,1
48593,1
48594,2
48595,1
48596,1
48597,1
48598,2
48599,1
48600,1
48601,1
48602,1
48603,1
48604,1
48605,1
48606,1
48607,2
48608,2
48609,1
48610,1
48611,1
48612,2
48613,1
48614,1
48615,1
48616,1
48617,2
48618,1
48619,1
48620,1
48621,1
48622,1
48623,1
48624,1
48625,1
48626,1
48627,2
48628,1
48629,1
48630,1
48631,1
48632,1
48633,1
48634,1
48635,1
48636,1
48637,1
48638,1
48639,2
48640,1
48641,1
48642,1
48643,1
48644,1
48645,1
48646,2
48647,1
48648,1
48649,1
48650,1
48651,1
48652,1
48653,1
48654,1
48655,1
48656,1
48657,1
48658,1
48659,2
48660,1
48661,2
48662,1
48663,1
48664,1
48665,1
48666,1
48667,1
48668,1
48669,1
48670,1
48671,1
48672,1
48673,1
48674,1
48675,1
48676,1
48677,1
48678,2
48679,1
48680,2
48681,1
48682,1
48683,1
48684,1
48685,1
48686,1
48687,1
48688,1
48689,1
48690,1
48691,2
48692,1
48693,2
48694,1
48695,2
48696,1
48697,1
48698,1
48699,2
48700,2
48701,1
48702,1
48703,1
48704,1
48705,2
48706,1
48707,1
48708,1
48709,2
48710,1
48711,1
48712,1
48713,1
48714,1
48715,1
48716,1
48717,1
48718,1
48719,1
48720,1
48721,2
48722,1
48723,1
48724,1
48725,2
48726,2
48727,1
48728,2
48729,1
48730,2
48731,1
48732,2
48733,2
48734,2
48735,2
48736,1
48737,1
48738,1
48739,2
48740,2
48741,1
48742,1
48743,2
48744,1
48745,2
48746,1
48747,1
48748,1
48749,1
48750,1
48751,1
48752,1
48753,1
48754,1
48755,1
48756,1
48757,1
48758,1
48759,1
48760,2
48761,1
48762,1
48763,1
48764,1
48765,1
48766,1
48767,1
48768,1
48769,1
48770,1
48771,1
48772,1
48773,1
48774,1
48775,1
48776,1
48777,1
48778,1
48779,1
48780,1
48781,1
48782,1
48783,1
48784,1
48785,1
48786,1
48787,1
48788,2
48789,2
48790,1
48791,1
48792,1
48793,1
48794,1
48795,1
48796,1
48797,1
48798,1
48799,1
48800,2
48801,1
48802,2
48803,1
48804,2
48805,1
48806,1
48807,1
48808,2
48809,2
48810,1
48811,1
48812,1
48813,1
48814,2
48815,2
48816,1
48817,1
48818,1
48819,1
48820,1
48821,1
48822,1
48823,1
48824,1
48825,2
48826,1
48827,1
48828,1
48829,1
48830,1
48831,2
48832,2
48833,1
48834,1
48835,1
48836,1
48837,2
48838,1
48839,1
48840,1
48841,1
48842,2
48843,1
48844,1
48845,2
48846,1
48847,1
48848,1
48849,1
48850,1
48851,2
48852,1
48853,1
48854,2
48855,2
48856,1
48857,1
48858,1
48859,1
48860,1
48861,1
48862,1
48863,1
48864,1
48865,1
48866,1
48867,1
48868,1
48869,1
48870,1
48871,1
48872,2
48873,1
48874,1
48875,1
48876,2
48877,1
48878,2
48879,2
48880,1
48881,1
48882,1
48883,1
48884,2
48885,1
48886,1
48887,1
48888,2
48889,2
48890,1
48891,2
48892,1
48893,1
48894,1
48895,2
48896,1
48897,1
48898,1
48899,1
48900,1
48901,2
48902,2
48903,1
48904,1
48905,1
48906,1
48907,1
48908,2
48909,1
48910,1
48911,1
48912,2
48913,1
48914,1
48915,1
48916,2
48917,1
48918,1
48919,1
48920,1
48921,1
48922,2
48923,1
48924,2
48925,1
48926,1
48927,1
48928,1
48929,1
48930,1
48931,1
48932,2
48933,1
48934,1
48935,1
48936,1
48937,1
48938,2
48939,1
48940,2
48941,2
48942,2
48943,1
48944,1
48945,1
48946,1
48947,1
48948,1
48949,1
48950,2
48951,2
48952,1
48953,1
48954,1
48955,1
48956,1
48957,1
48958,1
48959,2
48960,1
48961,1
48962,1
48963,1
48964,1
48965,2
48966,1
48967,1
48968,2
48969,2
48970,1
48971,1
48972,1
48973,1
48974,1
48975,1
48976,1
48977,1
48978,1
48979,1
48980,2
48981,1
48982,1
48983,1
48984,1
48985,2
48986,2
48987,1
48988,1
48989,1
48990,1
48991,1
48992,1
48993,1
48994,2
48995,1
48996,1
48997,1
48998,1
48999,1
49000,1
49001,2
49002,1
49003,1
49004,1
49005,1
49006,1
49007,1
49008,2
49009,1
49010,1
49011,1
49012,1
49013,1
49014,1
49015,1
49016,2
49017,1
49018,2
49019,1
49020,1
49021,1
49022,1
49023,2
49024,1
49025,1
49026,1
49027,1
49028,2
49029,1
49030,2
49031,1
49032,2
49033,1
49034,1
49035,1
49036,2
49037,1
49038,1
49039,1
49040,1
49041,1
49042,1
49043,1
49044,1
49045,1
49046,1
49047,1
49048,2
49049,1
49050,1
49051,1
49052,1
49053,1
49054,1
49055,1
49056,1
49057,1
49058,1
49059,1
49060,1
49061,2
49062,1
49063,1
49064,2
49065,1
49066,1
49067,2
49068,1
49069,1
49070,1
49071,2
49072,1
49073,2
49074,1
49075,1
49076,1
49077,1
49078,1
49079,1
49080,1
49081,1
49082,1
49083,1
49084,1
49085,1
49086,2
49087,1
49088,1
49089,2
49090,1
49091,2
49092,1
49093,2
49094,1
49095,1
49096,1
49097,1
49098,1
49099,1
49100,1
49101,1
49102,2
49103,1
49104,2
49105,2
49106,1
49107,2
49108,1
49109,1
49110,1
49111,1
49112,1
49113,1
49114,1
49115,1
49116,1
49117,1
49118,2
49119,1
49120,2
49121,1
49122,2
49123,1
49124,1
49125,2
49126,1
49127,1
49128,1
49129,1
49130,1
49131,2
49132,1
49133,1
49134,1
49135,2
49136,1
49137,1
49138,1
49139,1
49140,1
49141,1
49142,1
49143,1
49144,2
49145,1
49146,1
49147,1
49148,1
49149,1
49150,1
49151,1
49152,1
49153,1
49154,1
49155,1
49156,2
49157,1
49158,1
49159,1
49160,2
49161,1
49162,1
49163,1
49164,1
49165,1
49166,1
49167,1
49168,1
49169,1
49170,1
49171,1
49172,1
49173,1
49174,1
49175,1
49176,1
49177,1
49178,1
49179,1
49180,1
49181,1
49182,2
49183,1
49184,2
49185,1
49186,2
49187,2
49188,1
49189,1
49190,1
49191,1
49192,2
49193,1
49194,1
49195,1
49196,1
49197,2
49198,1
49199,1
49200,1
49201,1
49202,1
49203,2
49204,1
49205,2
49206,1
49207,1
49208,1
49209,1
49210,2
49211,2
49212,1
49213,1
49214,1
49215,1
49216,2
49217,1
49218,1
49219,1
49220,1
49221,1
49222,1
49223,1
49224,1
49225,2
49226,1
49227,1
49228,1
49229,2
49230,1
49231,1
49232,1
49233,2
49234,1
49235,1
49236,1
49237,1
49238,2
49239,2
49240,1
49241,1
49242,2
49243,1
49244,1
49245,1
49246,1
49247,1
49248,1
49249,2
49250,1
49251,1
49252,1
49253,1
49254,1
49255,2
49256,1
49257,1
49258,1
49259,2
49260,1
49261,2
49262,1
49263,1
49264,1
49265,1
49266,1
49267,1
49268,1
49269,2
49270,1
49271,1
49272,1
49273,2
49274,2
49275,1
49276,1
49277,1
49278,1
49279,1
49280,1
49281,1
49282,1
49283,1
49284,1
49285,1
49286,1
49287,1
49288,1
49289,1
49290,1
49291,1
49292,1
49293,2
49294,1
49295,1
49296,1
49297,1
49298,1
49299,1
49300,1
49301,1
49302,1
49303,1
49304,1
49305,2
49306,2
49307,1
49308,1
49309,1
49310,2
49311,1
49312,1
49313,1
49314,1
49315,1
49316,1
49317,2
49318,1
49319,1
49320,2
49321,2
49322,1
49323,2
49324,2
49325,1
49326,1
49327,1
49328,1
49329,1
49330,2
49331,2
49332,1
49333,1
49334,2
49335,1
49336,1
49337,1
49338,2
49339,2
49340,1
49341,1
49342,1
49343,1
49344,1
49345,2
49346,1
49347,2
49348,1
49349,1
49350,1
49351,1
49352,1
49353,1
49354,1
49355,2
49356,1
49357,1
49358,1
49359,1
49360,2
49361,1
49362,1
49363,1
49364,1
49365,2
49366,1
49367,1
49368,2
49369,1
49370,2
49371,1
49372,1
49373,2
49374,1
49375,1
49376,1
49377,1
49378,2
49379,1
49380,1
49381,2
49382,1
49383,2
49384,1
49385,2
49386,1
49387,1
49388,2
49389,1
49390,1
49391,2
49392,1
49393,1
49394,2
49395,2
49396,1
49397,2
49398,1
49399,2
49400,1
49401,2
49402,1
49403,1
49404,1
49405,1
49406,2
49407,1
49408,2
49409,2
49410,1
49411,2
49412,1
49413,1
49414,1
49415,1
49416,1
49417,1
49418,2
49419,1
49420,1
49421,1
49422,1
49423,1
49424,1
49425,2
49426,1
49427,1
49428,1
49429,1
49430,2
49431,1
49432,1
49433,1
49434,2
49435,1
49436,1
49437,1
49438,1
49439,1
49440,1
49441,1
49442,1
49443,1
49444,2
49445,1
49446,1
49447,2
49448,1
49449,2
49450,1
49451,1
49452,1
49453,1
49454,1
49455,1
49456,1
49457,2
49458,1
49459,2
49460,1
49461,1
49462,1
49463,1
49464,1
49465,2
49466,1
49467,1
49468,2
49469,1
49470,1
49471,1
49472,1
49473,2
49474,1
49475,1
49476,1
49477,1
49478,1
49479,1
49480,1
49481,1
49482,1
49483,1
49484,1
49485,1
49486,1
49487,1
49488,1
49489,1
49490,1
49491,1
49492,1
49493,1
49494,2
49495,1
49496,2
49497,2
49498,1
49499,1
49500,1
49501,1
49502,1
49503,1
49504,1
49505,1
49506,2
49507,1
49508,1
49509,1
49510,1
49511,1
49512,1
49513,1
49514,1
49515,1
49516,1
49517,1
49518,1
49519,1
49520,1
49521,2
49522,1
49523,2
49524,2
49525,1
49526,2
49527,1
49528,1
49529,1
49530,2
49531,1
49532,1
49533,2
49534,1
49535,1
49536,1
49537,1
49538,1
49539,2
49540,2
49541,2
49542,1
49543,1
49544,1
49545,1
49546,1
49547,1
49548,1
49549,2
49550,1
49551,2
49552,1
49553,1
49554,1
49555,1
49556,2
49557,1
49558,1
49559,1
49560,2
49561,1
49562,1
49563,1
49564,1
49565,1
49566,1
49567,2
49568,1
49569,1
49570,1
49571,1
49572,1
49573,1
49574,1
49575,1
49576,2
49577,1
49578,1
49579,1
49580,2
49581,1
49582,1
49583,1
49584,1
49585,1
49586,1
49587,1
49588,1
49589,1
49590,1
49591,1
49592,2
49593,1
49594,1
49595,1
49596,1
49597,2
49598,2
49599,2
49600,1
49601,1
49602,1
49603,1
49604,1
49605,1
49606,1
49607,1
49608,1
49609,1
49610,1
49611,1
49612,1
49613,1
49614,1
49615,1
49616,2
49617,1
49618,2
49619,1
49620,1
49621,2
49622,1
49623,1
49624,1
49625,1
49626,2
49627,1
49628,1
49629,1
49630,1
49631,2
49632,2
49633,1
49634,1
49635,1
49636,1
49637,2
49638,2
49639,1
49640,1
49641,1
49642,1
49643,1
49644,1
49645,1
49646,1
49647,1
49648,1
49649,1
49650,1
49651,1
49652,2
49653,1
49654,1
49655,1
49656,1
49657,2
49658,1
49659,1
49660,1
49661,1
49662,1
49663,2
49664,1
49665,1
49666,1
49667,1
49668,1
49669,1
49670,1
49671,1
49672,1
49673,1
49674,2
49675,2
49676,1
49677,1
49678,2
49679,1
49680,1
49681,2
49682,1
49683,1
49684,1
49685,1
49686,1
49687,1
49688,1
49689,1
49690,1
49691,1
49692,2
49693,1
49694,1
49695,1
49696,1
49697,1
49698,2
49699,1
49700,1
49701,2
49702,1
49703,1
49704,2
49705,1
49706,1
49707,2
49708,1
49709,2
49710,1
49711,1
49712,1
49713,2
49714,1
49715,1
49716,2
49717,1
49718,1
49719,1
49720,1
49721,1
49722,1
49723,1
49724,1
49725,1
49726,1
49727,1
49728,2
49729,1
49730,1
49731,1
49732,1
49733,1
49734,2
49735,1
49736,1
49737,1
49738,1
49739,2
49740,2
49741,1
49742,1
49743,2
49744,1
49745,1
49746,1
49747,1
49748,1
49749,1
49750,2
49751,1
49752,2
49753,1
49754,1
49755,1
49756,2
49757,1
49758,2
49759,1
49760,2
49761,1
49762,1
49763,1
49764,1
49765,2
49766,1
49767,2
49768,2
49769,1
49770,1
49771,2
49772,1
49773,2
49774,1
49775,2
49776,1
49777,1
49778,2
49779,1
49780,1
49781,1
49782,1
49783,2
49784,1
49785,1
49786,1
49787,2
49788,1
49789,1
49790,1
49791,1
49792,2
49793,2
49794,1
49795,2
49796,1
49797,2
49798,1
49799,1
49800,1
49801,1
49802,1
49803,1
49804,1
49805,1
49806,2
49807,2
49808,1
49809,2
49810,1
49811,1
49812,1
49813,2
49814,2
49815,2
49816,1
49817,1
49818,2
49819,1
49820,1
49821,1
49822,1
49823,1
49824,1
49825,2
49826,1
49827,1
49828,1
49829,1
49830,1
49831,1
49832,2
49833,1
49834,1
49835,1
49836,1
49837,1
49838,1
49839,1
49840,2
49841,2
49842,2
49843,2
49844,1
49845,1
49846,2
49847,1
49848,1
49849,1
49850,2
49851,1
49852,1
49853,2
49854,1
49855,1
49856,2
49857,1
49858,1
49859,1
49860,1
49861,1
49862,1
49863,2
49864,1
49865,1
49866,1
49867,1
49868,1
49869,1
49870,2
49871,2
49872,1
49873,1
49874,1
49875,1
49876,1
49877,1
49878,2
49879,1
49880,1
49881,1
49882,1
49883,1
49884,1
49885,2
49886,2
49887,1
49888,1
49889,2
49890,2
49891,1
49892,2
49893,1
49894,2
49895,1
49896,2
49897,2
49898,1
49899,1
49900,1
49901,2
49902,1
49903,1
49904,1
49905,1
49906,1
49907,2
49908,1
49909,1
49910,1
49911,1
49912,1
49913,1
49914,1
49915,1
49916,1
49917,2
49918,1
49919,2
49920,1
49921,2
49922,1
49923,1
49924,1
49925,2
49926,1
49927,1
49928,1
49929,1
49930,1
49931,1
49932,1
49933,1
49934,1
49935,2
49936,1
49937,2
49938,1
49939,1
49940,1
49941,1
49942,1
49943,1
49944,1
49945,1
49946,1
49947,2
49948,2
49949,2
49950,1
49951,2
49952,1
49953,1
49954,2
49955,2
49956,1
49957,2
49958,1
49959,1
49960,1
49961,1
49962,1
49963,1
49964,1
49965,1
49966,1
49967,1
49968,1
49969,1
49970,1
49971,1
49972,1
49973,2
49974,2
49975,1
49976,1
49977,1
49978,1
49979,1
49980,1
49981,1
49982,1
49983,2
49984,1
49985,1
49986,1
49987,1
49988,1
49989,1
49990,1
49991,1
49992,1
49993,1
49994,2
49995,1
49996,1
49997,2
49998,1
49999,1
50000,1
50001,1
50002,1
50003,1
50004,1
50005,1
50006,1
50007,1
50008,1
50009,1
50010,1
50011,1
50012,1
50013,1
50014,1
50015,1
50016,1
50017,2
50018,1
50019,1
50020,1
50021,1
50022,1
50023,1
50024,1
50025,1
50026,1
50027,1
50028,2
50029,1
50030,1
50031,1
50032,1
50033,1
50034,1
50035,2
50036,2
50037,1
50038,1
50039,2
50040,1
50041,1
50042,2
50043,1
50044,1
50045,1
50046,1
50047,1
50048,1
50049,1
50050,1
50051,1
50052,1
50053,1
50054,1
50055,1
50056,2
50057,2
50058,1
50059,1
50060,2
50061,1
50062,2
50063,1
50064,1
50065,1
50066,1
50067,1
50068,1
50069,2
50070,2
50071,1
50072,2
50073,1
50074,1
50075,1
50076,1
50077,2
50078,1
50079,1
50080,1
50081,1
50082,1
50083,1
50084,1
50085,1
50086,1
50087,2
50088,1
50089,1
50090,1
50091,1
50092,1
50093,1
50094,1
50095,1
50096,1
50097,1
50098,1
50099,1
50100,2
50101,1
50102,1
50103,1
50104,1
50105,1
50106,2
50107,1
50108,1
50109,1
50110,1
50111,2
50112,1
50113,1
50114,1
50115,1
50116,1
50117,2
50118,1
50119,2
50120,2
50121,1
50122,1
50123,1
50124,1
50125,1
50126,1
50127,2
50128,1
50129,2
50130,1
50131,1
50132,1
50133,1
50134,1
50135,2
50136,1
50137,1
50138,2
50139,1
50140,1
50141,1
50142,1
50143,1
50144,1
50145,1
50146,1
50147,1
50148,1
50149,2
50150,1
50151,1
50152,1
50153,1
50154,2
50155,1
50156,2
50157,1
50158,1
50159,1
50160,1
50161,1
50162,1
50163,1
50164,1
50165,1
50166,1
50167,1
50168,1
50169,1
50170,2
50171,1
50172,1
50173,1
50174,1
50175,1
50176,1
50177,1
50178,1
50179,1
50180,1
50181,1
50182,1
50183,1
50184,2
50185,1
50186,1
50187,1
50188,1
50189,1
50190,1
50191,1
50192,1
50193,2
50194,1
50195,1
50196,2
50197,1
50198,1
50199,2
50200,1
50201,1
50202,2
50203,1
50204,1
50205,1
50206,1
50207,1
50208,1
50209,2
50210,1
50211,1
50212,1
50213,1
50214,2
50215,2
50216,2
50217,2
50218,1
50219,1
50220,2
50221,2
50222,2
50223,1
50224,1
50225,1
50226,1
50227,1
50228,1
50229,1
50230,1
50231,1
50232,1
50233,1
50234,1
50235,1
50236,1
50237,1
50238,1
50239,1
50240,2
50241,1
50242,1
50243,1
50244,2
50245,1
50246,1
50247,2
50248,2
50249,1
50250,1
50251,1
50252,2
50253,1
50254,1
50255,1
50256,1
50257,1
50258,2
50259,2
50260,1
50261,1
50262,1
50263,2
50264,1
50265,1
50266,1
50267,1
50268,1
50269,2
50270,1
50271,2
50272,1
50273,1
50274,1
50275,1
50276,2
50277,1
50278,2
50279,1
50280,2
50281,1
50282,1
50283,2
50284,1
50285,2
50286,2
50287,1
50288,1
50289,1
50290,1
50291,1
50292,1
50293,2
50294,1
50295,1
50296,1
50297,1
50298,2
50299,1
50300,1
50301,1
50302,1
50303,1
50304,2
50305,1
50306,1
50307,2
50308,1
50309,1
50310,1
50311,1
50312,2
50313,1
50314,1
50315,1
50316,1
50317,1
50318,1
50319,1
50320,1
50321,1
50322,2
50323,1
50324,1
50325,1
50326,2
50327,1
50328,2
50329,2
50330,1
50331,1
50332,1
50333,1
50334,1
50335,1
50336,1
50337,2
50338,2
50339,1
50340,1
50341,1
